encoded,user
0,AE22Z3RLVIRU6RT5PNRK5CFFNEFQ
1,AE235UPUZXWPWZMCEFKYJS4LBMDQ
2,AE23ZBUF2YVBQPH2NN6F5XSA3QYQ
3,AE2DEERUBZI3F25CI2Q277OZX5OA
4,AE2EOFL2DKUCJGT76CXKOTOM3D6Q
5,AE2MR33PBSOMX3ISKWRFFWP2V66Q
6,AE2O2C43KTYO4LXXGZWJZLE67GBQ
7,AE32BROTEWKOX7BDILSTSFKPNR5A
8,AE32WOVRTIFPELJFN64RNL3BWCIA
9,AE32Y5V7RSP7SB4BU6SESC3DSLTA
10,AE37Q6TCPNWG4RUJMJIKRYFBI4CQ
11,AE3C2M62HHDRFDW6E2XADFQUXCGQ
12,AE3DDSANK2CWJPBLKA56WS335Z6Q
13,AE3IGJOPJP6LFXEJTIXFJVSJLILA
14,AE3JKXDJG2RZMSMWVIA27AVFTQRA
15,AE3KLVXGZPANXE5XLXYKHTVAZ3FQ
16,AE3LUVAAITFJIUTWBMRPHDQOCOFQ
17,AE3MR2EVAQWHB7PZCHM2NMMVQBAQ
18,AE3PLZHW6NXWBMZ76TDVFQG2MJFA
19,AE3Q2IEAEPKO2657BKVXG4KX2TZA
20,AE3VE2MPKBXR3OM3CJXE7FQZ5CAA
21,AE3W44JJPATWFA44OOBEU6N6H4SA
22,AE3XHOX3OBSVFXACAPNFMKSUWR5Q
23,AE3ZVOD2JYNOAL5NKHBACNVRPCLQ
24,AE45RPQV2AYTHWK7EC35NA2AYE4A
25,AE4BYFYP3QEDSXS3GA77PFVTJQ6Q
26,AE4BYGKKZQHLG7LMSKAITOFLSTTA
27,AE4DTQ2VGBA5TF4XSXJ4XIWUZRJA
28,AE4EBZOXMG6JT4HASZBQKIY3LDEA
29,AE4F2DJFD2JCL3AWRP55AU2VRCTA
30,AE4NFIMDZOSRRGVFI2LDFUSZGFXA
31,AE4SBEJSCJAWM7CRKJDBQF3O7RGA
32,AE4U7IMMFFQFBC6TIHEI5MYII33Q
33,AE4WM6BGRN4EPDDG5G24X2NJISXQ
34,AE4YB4AE5WZMIZHVUVRP3TXCK5QA
35,AE53VZLBD7OLHMFTELZW466DPKLQ
36,AE5444NDUOZEV3FSTCCF4I4WDUWA
37,AE56GX7TQESYOM7MV3HMJOMMNOZA
38,AE56R3FJBPTMKKFVALCU57GYB5NA
39,AE56X4NQCB72UPCGWU43V4RM42UA
40,AE577HQYFCD3BJGWGPQVFY3E4XUQ
41,AE5CXHJTPWY4NF2IIH2N5HQBYBJA
42,AE5ESL52LWWBJTSFOAXSFZA3XCGQ
43,AE5IMGWRBJA7JQFBQTBK25HDYGVA
44,AE5IPL4YJXYK52SZUNMGD5ANLE5A
45,AE5LF7AXSOYKEVQUEZRZQWTB7IQQ
46,AE5MYIUHLA3BAMM2MFJXJQN6UPRQ
47,AE5N27HEG2LZOSYBAZ5KK7JSPVXA
48,AE5QUPCYVTOXY2Y4IUO2CP55VFHQ
49,AE5SXVSPRJ2RQBFSERIIHJXDS2UA
50,AE5VLOJVGVNBSH3FWX5PQ4KKGL5A
51,AE5XBEIWYHJXUUMZ5UR5S47XHB2A
52,AE5YGSWQJFOVOQBX7TVX3GYBPIGQ
53,AE5ZJJC4KCQYDX6P25EGYEV4POZQ
54,AE64ISLGDZKIK2AF5JLO3JJN3YXQ
55,AE64UFB76MUZT2F2V7TCAWRO6PEA
56,AE674S3KQRLANMQN6SZRZSIHUC3Q
57,AE6AUO3Z6Q5N5VK2JDWGZEGFW4GA
58,AE6C3RB4MNC36ONGCU3TMSLMER6Q
59,AE6CCNRKX4ZTXDMINO4BZKVVZGZQ
60,AE6CU5M65B3PGBXLKOUWWCKMW6WQ
61,AE6FWIACEP5MUGQSORMPYTNPTBOA
62,AE6I5KFJ2EJNRBBV7NWURRU2X6UQ_1
63,AE6K6B2M2UYK33G25MUKTGX2ZCAA
64,AE6MILYSWZPTPSPA3XRYTOE55PWQ
65,AE6PCE6C5HCUTN45NWKM5TYZLDOQ
66,AE6ST67WNTMQ3T672R53HLOTJKQQ
67,AE6TDCUOKCSCRL5ZHWKEL7QHOA3A
68,AE6U2ZCGCBRDU3TT3PVH44ITRLOA
69,AE6UISKJ2ILLL22RJWAIKJRLOBPA
70,AE6V66UD3IBD2B6IIDI5PBYFFYHQ
71,AE6YB23TSQDKXHQ7NPTN4LFFLO7Q
72,AE74FEQQDJIX3AJ5HNV5ZUNMQLAQ
73,AE7ASEVRPJIQKV5PTPOX4AIDSYPQ
74,AE7B27KVYBANKRAQBG5FHJPR6OLA
75,AE7ETRZELE5RSPHWBBMFMUDDYOAQ
76,AE7F4ITBVPRLDOI4XQMWSCNEBK6Q
77,AE7IC3F7DNPOH4CJVMBN4LANAELQ
78,AE7KMHZMSE277XNISDRHLME74FFQ
79,AE7L4RQVVDS4LV252M7QAZRUHMQA
80,AE7LP42XD2HIIOLCQW5PKTEACNXQ
81,AE7PTCW7PBAYTJAO4F5QMUZ2GODA
82,AE7ROHBI7LB3S2US4RGEFVZOMCMQ
83,AE7S4M3KMJJT6SAKV5AXL7IU72WQ
84,AE7UQBSGFLZFUKYTJ66TMA467PAQ
85,AE7VFKMCTVNHRG2GRVBXU2Z5MKEQ
86,AE7X5DJCXD2ODCKN5SV2KJ5C446Q
87,AE7Y7H5QMTHDUGPACW5QK77S4ELA
88,AEA3RT333OHGCE2I27P37DKSF6KQ
89,AEA7NLIUGA6UURHWQ4IAKYQOX4OA
90,AEAC4T77VGEQGNXTEFVJW552NNNA
91,AEACWXABXEPPRWW2WZB3FUX3TFAA
92,AEAGURLN7OZOGEALX4ZCAKNOCJ5A
93,AEAJJDUKXXNYD6L46722GTGJICOA
94,AEANXRXKUB5RTXZOFRQAHNOXCJVQ
95,AEAPEDV2ECKELKIH26SR6DIB7S3A
96,AEAQ2JYKXKBZAQFEVORRL7ACFBOQ
97,AEASPKTF3TG5JE3LSD2CHIWSKUZQ
98,AEAT2QOOIXWFLBQESCVLAVXLK3RQ
99,AEAULDHG6HLPMBIHL6XHTLYISDOQ
100,AEAXFEPSNJD5RWHPV2MSFGTHIXVQ
101,AEB3FS7A4HRGDCGM4TTJ52MTE3HQ
102,AEB7FRW6CDYD5PLD2DR4SETFUCGA
103,AEBA2FY6PGWI2ZSGJIEKF7LCGDYQ
104,AEBAJLO5LXCA2APR6BR2SYZO3ZRA
105,AEBCB564ZTKLIJQEXEV6L5V4DDNA
106,AEBCQLUHKVYB4GKL34JTWTW53EEQ
107,AEBD4EQFW4THUDUVAETCYTEDJU6Q
108,AEBFBD7IUVQBJOBZYX2WQQCAPFIQ
109,AEBP7XP2KY66MKT6UZ3B6PEI4YWQ
110,AEBTRL64MQHJNHIJDBWYVSXXFBAQ
111,AEBWGLQGLJ2ML3VNBEUME4TOCCAQ
112,AEBWGXGGL3Q5DSTMUQSTVUJDWSMA
113,AEBWQVEHJ4QDSL2MMM7J7QVZPGFA
114,AEC2CO4COEZ5AKFXSM5K4R2EKFYA
115,AEC4YXC4GCBMXC2KGNFZ4EYPRT5A
116,AEC5IGE6YW5F2AWAMDONCOFQF2IA
117,AEC6HDXIX3DNXWUVERZB4DGKFN2Q
118,AEC6IZVI2NGFBCIYVD4X5MDGB6DQ_1
119,AEC6IZVI2NGFBCIYVD4X5MDGB6DQ_2
120,AEC7PELQ65SN7C7R3JBLZMLWOBXQ
121,AECB6TJFBAZIVJVZLEZIRKZ3DXFQ
122,AECLWHNEYVZ7I3BVR52Y67IFOJ5A
123,AECMBFXDJHHNGEBXIOVY5M3V2PKA
124,AECNJEZHUGFLNU7Z6VNYLVUQQQDQ
125,AECO2ZWV634CZOOCC7MQ23TC3GMQ
126,AECTRGMRKOGAYIV3YXX73CQEQCSQ
127,AECVHWWNIRV25VBB5BT7HTQSMNGQ
128,AECVJ3EMZVOVHXUMRPTOKZK2RDUQ
129,AECWXJZD2RELBWJ6PR6EDDVDXX2Q
130,AECY5GFGV7OMJYONMEP2XNE4JBHA
131,AECYM4TEVRJGZ43LFV7V2ORY5R4A
132,AED2QD3YMSFWWYAIBYKR466YT27A
133,AED3PQGKE2MP7OA6YA7ITROMHQEQ
134,AED723BCTEEQCGT6LCFIDZUVNNHA
135,AEDFBO4HOYALOEFR4ASZEUWUCV6Q
136,AEDFYAVMXU7OWL2KFZ4SEUP43J2Q
137,AEDGYUQQJ34L6MVSYYT22USQPFUA
138,AEDHJJVYAA6KTWYWNJR7UCGW52UQ
139,AEDIXUO3I3XFCGGQX2HAKICYJAKA
140,AEDK2WCDGF2TBDGVNA4C4BCQCNFQ
141,AEDKWGK4AJN5HLRCEIPVA2EDR5EA
142,AEDQBHRVLVZTTWWGMM6X6NUGC5DQ
143,AEDT5EC7SLKP3WBVF6YQQWFM4OPQ
144,AEDT6MUTORW36HJELYK5N7MBQVFQ
145,AEDVTFBR7UP5TDLI3ZROTRSX6I4Q
146,AEDW6RQIIHKR37N757KAPPE76KHA
147,AEE2XLIZKYGXRYGJG4AZEEL5VHUQ
148,AEE4FTWBR6Z3BACKCRGE7FUH3Y3Q
149,AEE5BR3NZXCS5IMR46FOOSNWLALA
150,AEEAHSTU6IVU4XPUDULPDTYRN6GQ
151,AEED7S3UZZ7DZ6IJNCQJNB7P4XUA
152,AEEDFUQ7SXVEZ4VBHTED5D6MZ7QA
153,AEEFMUDIIOZ2UQKCU5LWGKMOSZ4A
154,AEEFYZJXNV7QPH5NE4CGXUYXUQZA
155,AEEHSGIEOXLHDMNDUYGX4R4W5TZA
156,AEEK54LX3BVYQXI7SM6JHZDEFIHA
157,AEEQPGIGURIOGS6HGVVB3AQZUOPQ
158,AEESMMTHKZCT2BBJNQ552MGSQ7ZA
159,AEETKAAQQXZE4H6J4GJMDOU5XQKQ
160,AEEV3257WRKZQXBLUVHMDOITR6MA
161,AEEVXEJYV4A5CPDDHK63IRSDTPOQ
162,AEEYDDE6RPPR5KIY2U2ZJBC5NS4A
163,AEEZOOV2T2EXTGXZC2CAEZ55YSCQ
164,AEF4QCBYMXQN3RDFNM4ZXM67UTJA
165,AEF7RUE6UGIYJ7LDPFQANXPP7TJQ
166,AEFDGIRF3LYGCBIDRYDTH432OCSA
167,AEFDXIHANP3YKL7FG3P3HZ2X7HCA
168,AEFJM7JBU4T6RSD4BF2JJCMGB6MQ
169,AEFMCBLYNEBUKFSKBXOBRV7QFRLA
170,AEFN2Y6X74KUTSUZYKQEPADXPYNQ
171,AEFQHFC3NFQZQJWE7YRBWNIICQWQ
172,AEFRTLVCVRALKXBED77KHPIXEPWQ
173,AEFU2A576W6DXZKLYZRMINCIIJSQ
174,AEFU6XKGH6J4ZIYTVVBGEDUCTZHQ
175,AEFWZQ7HTAUD6HGWXVYKVXHRA4DQ
176,AEFYY4OQWFEI5GGGONXYESM5S5BQ
177,AEG2MF2H6736V3XILN72GC4FHNHQ
178,AEG3D5PE2MHIFSVDDIVPZORLMFJQ
179,AEG7X3LUOTTUVIXQS5F5QMAA5JHQ
180,AEGEF2JC2Z36MA3YIL7FX7EQZAWQ
181,AEGFUO4H56CMEBP5JO6B6QZDSGKQ
182,AEGGYBBQ5FVWI4QGTTVB3BTH37VQ
183,AEGHQIR2C7LJFHV3N6DVYYHRGNGA
184,AEGHVJP7AECHSNB4JOYQIORWLFTQ
185,AEGKJTQWHGBIOTO34OB3GKIGCN7A
186,AEGRMZNY75WAN3Y7OIKP2BU4U5JQ
187,AEGUFTGYEZ65PKEVU3I47LSQF62A
188,AEGWUKP4FG5GISCFLDOSG5W2KMWA
189,AEGWYB533O6DQBQNEMLHD3NB7EMA
190,AEGYU6OM2X66SMZN6AF3TSQ3N5PQ
191,AEGZUGS74AIXKND3LQEAZAS4NVNA
192,AEH7RAIDBU7QALXTMWAA73PTL4JA
193,AEHC6AGTCODG6DQJS55DN4IOJYZA
194,AEHEI6YTZOXUJIULL4HN3RLVPXUA
195,AEHMQSTB6ESWFAT4AHROTV6M7VWA
196,AEHNXSRPU6XOYD7DKLI6IRMJ7DRA
197,AEHOFUNZP6VT74RUDDCJ2VVIT56A
198,AEHRS7G6TSBHZPVNWAJUONKQNKPQ
199,AEHTVL65EHMLA3C2IRG4PNK6DD4Q
200,AEHVXDZOAGK2MU5WAC6NF7QLRY2A
201,AEHWKRPNWNMOAJSMO2F6O7RFRTNA
202,AEHYYI74GYMEBQNXLUEZOPCKD7UQ
203,AEHZBUFEOW4TY3K4IYFFR5ZU5B3Q
204,AEI6DKE7AJDIBODUZI6X65EPBHEQ
205,AEI77FRGYVNL3P7GNBBK76XHCU5A
206,AEICSCKWH5MRUWSJKHQBWHSJZMBQ
207,AEICZD35OTDYVWA2KPYWN4PDZ2SA
208,AEID4BJMMM6LCEUTIHBUM5H4E3BQ
209,AEID7AYVXQDEIPKGXMLVTWZZ7FXA
210,AEIDGU2ZTGAWH3BQ2PQDDFIFKHUQ
211,AEIDPWZB5FATDZIQZYVHJMYGIAJQ
212,AEIFJYFQPYHHE6NRXEV4NVQXTJGQ
213,AEIFWRYEMGHENJU7C4UBRGQ2SBTQ
214,AEIFXWDWF3NU6Y5L5VQBEITE7KJQ
215,AEII54OV6OOTX4WDMZLL4DFLUF4Q
216,AEIIRIHLIYKQGI7ZOCIJTRDF5NPQ
217,AEIIRIHLIYKQGI7ZOCIJTRDF5NPQ_2_1
218,AEIIRIHLIYKQGI7ZOCIJTRDF5NPQ_2_2_1
219,AEIIRIHLIYKQGI7ZOCIJTRDF5NPQ_2_2_2_1
220,AEIL5KGVHUVTVGOHCJ3E6FIRHV7A
221,AEIMQ4JVXUSG5CDTZXENRN76I76Q
222,AEIPFF6IGUS7S5EDEWPRBYQ6IP5Q
223,AEIPJBAN7A55Q5DFFPZSR2UV3OKA
224,AEITW3SRFREQ2TVLTA7ESOBIENDA
225,AEIV4MZVHCOADS6ZACVONNHPYF5A
226,AEIW7GMVHQ4HBUXTTYEMHEMADUMQ
227,AEIWVTEXC2PXYKPDAJ2TYGU7V73A
228,AEIZHEITXKVXS4RT3CSD77UTLAPQ
229,AEJ537CC7V6EQDWUJOLTFBWM4SVA
230,AEJASEICM46VPW4UGSLZIQIVMJCQ
231,AEJCJDRMCN7Q4CQBDHYCAWTJOG6A
232,AEJE54M5UMYRXIOMXT6ZTRI6VNLA
233,AEJERRRMTUO2WL7BGTPGFQ2NRWQA
234,AEJJ4HTWBXN5WXB2X2NXUCIS2LFQ
235,AEJK3LC6VQGNKRWB7ESA76UCG3HQ
236,AEJKFGYPZFOWWKAMBSDNBLUZ5NEA
237,AEJPW7P6NBM5FTX5KKTXT3F5JI2A
238,AEJRI5ZJEGJYK2YM6E3RQRTFBCXA
239,AEJU3Z6HDAERETMYI2CXBQVPPDFA
240,AEJVAFPJJIQUVAO4CT3BSMJLOA3A
241,AEJXW7SCFCOV3QC7QVUZRZ5T5XTA
242,AEJYZEXHGRPOQ7JWTECOBUIRSEDA
243,AEK3QEGGKWLLB6H4O7XFQRJP2XPQ
244,AEK5RL4BLD5V4UMVB5C5EZWFWXIA
245,AEKAQSRPL77VARYBBVHZUN2AGXIQ
246,AEKBA2QZJQE25BSJMEAFNXCFP3AQ
247,AEKC5BAHT2EXC5PPKRZELFTG6TVQ
248,AEKCKG24HKYTVK63A3CF2RAKRQHA
249,AEKEF7PBXCP345X2UPV3IJY6QMNQ
250,AEKGXG7O2JZD4R6SQZOAAVHAMUCA
251,AEKH2ZVRCN767KONJBTWGVHRRASQ
252,AEKHYSDL3CIJM6FB5522RPT5EOWA
253,AEKJQLMPWARYDWN4BQXBCPML2VWQ
254,AEKM3E57Y6MSEH66N5X43V2L4J3A
255,AEKMOOO4KWY3MG4M2CXWFQQ7Q5CA
256,AEKPHJN45BBJXAFUH72D7REARUFA
257,AEKUXRJ35ADBS4OWK26ZF26XXIEA
258,AEKV4Q3JUQTQA2UR7PH7QLUHUTTQ
259,AEKW5BBUARPAYW3SZZAC55YBX4SA
260,AEKXTCRO7YBU4MT6WTY4BKAAH5JQ
261,AEKZ3OFY2YH6QEF27HF6JY3X35FQ
262,AEKZ5XKCMWJEVPRXFG5ZOIET3SJQ
263,AELAKRCUMXIVL7PHXRKRS27YAP2A
264,AELCM5SFETKJFWKHHSEFTJKV5F5Q
265,AELHYMCYVS6T35HA3UH5UGFWTK6Q
266,AELJQDTTYIVZ6D2QX7FFBHBSN54A
267,AELNHVM3NSBLC2LBX43GHMLZXP4A
268,AELPL3NYAOHGGRHPKVTQKKICHOOQ
269,AELQ3FNZGGZ3HJD5RLM4ETJDWEGA
270,AELR2HLK7FE7DZTTXPBTDEGRSGRA
271,AELRGAHYW4A2D3SBGP3FAWJENQJA
272,AELU7VBQWQH7VMYK6Q3CIU5C43RQ
273,AELUCFFMHINUWKFCTNM4T7POBSGA
274,AELUHISI2PQO46XBKCVOPGTFMCJA
275,AELVJWM7OBLLQNAVWBASGVUS23RA
276,AELVYUNJSU4L3OPPNFOSS642IEOQ
277,AELY3ZE3HO2QJEFRB2CF4ROGNCOQ
278,AELZIKZNMROP2SMO5XXVB4V36RJA
279,AEM5PO3PITEPDNNATSGM2PD6C62Q
280,AEMO2Q52RXYGRYCFBAIK3INMXVFA
281,AEMRAZPNN2NBBUDV4YGGYMGPFC6A
282,AEMT3I6AICC5YI7Z5G2V4LEGYKPA
283,AEMT4Q3OEWSJWLOWNPGL6JLI7IIA
284,AEMTCKBXBJ2MSYJWCN4AG5F7BNOA
285,AEMZZB4CXPM2N2VNGA3CCSA7GINA
286,AEN2WH5WYKIJFO57R2KUNDDSJAAQ
287,AEN3Y62OVI3FWZUIPQ4KGUJDYSTQ
288,AEN3Z5C3ZR2CVEOY4CIGAOIBZ3PQ
289,AENALXICBEUWDJG6U2GYCGEVM3OQ
290,AENBLMQ6F52QMS4HEYQXRHMAXMBQ
291,AENCA6UC6WQMKJSUDRMMIUPHLXDA
292,AENH6LSB6BM7XLPEYUL43WBOD6JA
293,AENKZ35HHJ6G3M5KTL5HW3YLAIXQ
294,AENPFFAIQ75VTJYM6BCEKB5WWWJQ
295,AENUBOJ2OPVAQK5ZQH2BT2YVRVQA
296,AENWFDJTKIMH4447GCH4H4TZQC3Q
297,AENZ3LHQ7P76LT4ZWQPGKQJOSIKQ
298,AENZFUV5GK6YFBRVBRQVCCNB4OZQ
299,AENZG3TRWVOTKWOPCZ2WTHWCM5IA
300,AEO2PYOMD4VBHU7ILLWBCUJNC5UA
301,AEO2VNOT5LNZJ5ROFECRFQWPD6JA
302,AEO3HXNM5PYZGNU2KYUUMWSSABPQ
303,AEO3Q7XPILWJPQSWIRP2PWZIAINA
304,AEO3V6QEVI6RWUKVT2JDK43FEIVQ
305,AEO4EOGKMUBKUOAR55JOUOQCNPGA
306,AEODUUL6REW3PW2ZGFREKGWBYUZA
307,AEOEJ6X4R324YQYZUUAIKZ6Z7MEQ
308,AEOIEU3ASCSHIDA5TTB4IT5O2FZA
309,AEOJWMWHWXTDHZ2X6TLFNHCOEH4Q
310,AEOK4TQIKGO23SJKZ6PW4FETNNDA_1
311,AEOK4TQIKGO23SJKZ6PW4FETNNDA_2
312,AEORT2SOUGKL76PYWWGS4SUL3OSA_1
313,AEOTWG667CGEIHYH33COIX53Y25Q
314,AEOYWMLWQX43VA3EE4SZAZK4AOMA
315,AEOZR6GZKCV3LMNZF3GWSIB5QQQA
316,AEP2ZOV6ICGRQ2SBL4MJK2VMRH5A
317,AEP3DPFQ4D3DRXLKTT6H6LWJPZZQ
318,AEP4CUO23WOOOEYSJBXWYLLHD5IQ
319,AEP4KJDGBH6XPJKFEHPYSAPUNDBQ
320,AEP6M7YL6DMLPNNCEJJXAJXGUJVQ
321,AEPC4GV4UNP6ZCZQJNT7WBAAHBLQ
322,AEPCVLMRBELDRCV6RKIKBY3QGWIQ
323,AEPEDW5FBBJ2XYR2BIJAKUPHCMHA
324,AEPKSUVO72YBRS7EOTNPYFJ7MMRQ
325,AEPNR2J32GDXAZV735UPOMYQ4JBQ
326,AEPR7PZVJRTWHWXQWOUVSU4ZS5WQ
327,AEPS33MI7LANKDAHRYF2MRKNYTIQ
328,AEPSBYMUWAGOWA4MOZXRSKMSVH4A
329,AEPVDPDYCAVZZROWHATA6KNE3XDA
330,AEPWLHD33GAUKDI3MZTJGZR46H3A
331,AEPXKVAOT3IGDOBO5VBLM3NWR6GQ
332,AEPZQSZRITWTSW4WK5XZDXCZQFFA
333,AEQ4MBPE3G4YPOE7ZCD6APKTWDTA
334,AEQBY3ECQAWOSNSMORR2YS6USWCQ
335,AEQE5M55ROGHLKVV54WLE2URMPOQ
336,AEQGR4YJJFSHOPKIHH4MM3WFKLJQ
337,AEQOG6H24VT6ATMKDKOY34SDUWWA
338,AEQQELMKBANTQ2OI7AVUMAIGSCRA
339,AEQVIZBOIAQ62RSXQQCD5A7ZAM3Q
340,AER5HOHRL6LSC45EWGEBOUWZGOLA
341,AER6HKKF4QUQWMXZ55XOBOHQDFGQ
342,AER7CT6VW4T7PDO5WBC4O7TJR7NA
343,AERACBGOQVFS34IM22YEMDJZHR5A
344,AERCPEHOYSE6UYUBX4CQ52AM2MUQ
345,AERDAFSDZOZJVJMYINUEAZIS7QZQ
346,AEREJVBMNI2GUWJZ63DDS3PXNJ4A
347,AERGQ6U7YCR6JZ54FFKYPUM7PFDQ
348,AEROKRQ52ETAHLQMHDXVKFJ2V3LQ
349,AERP5ICWQNRS76OXMNSJHBIAWTGA
350,AERQJDBDMN2BGNBZWIW4G6NDOVKQ
351,AERUT2V5XF3YVZZUN463SK3F3EZA
352,AERW7RVIVBVMHDXIXRAADQPB37MQ
353,AERZQSCLOJPUKLPIKYQEZX6L6WLA
354,AES3YWD3ONJOUDRWFIV2ZO44QDAQ
355,AES4UD4FKE7ZWIGXN5FH2IM7BXIQ
356,AESCUI6VXJSHLUIO44Y5ERAHZE4A
357,AESFG6P6QZPCPO3INCCYII4U5S6A
358,AESFWWRJ5SVEVY372FFJ6AWO4OXA
359,AESH4UBOA6VWZ36CIYMP4JVYPOLA
360,AESI2BA4YODTHOSRFLJCSTAM6XDQ
361,AESIZ3ATHVPMZM5NI6ZJOZBH547A
362,AESJJ7W2TY2RQTAJFPG6FDC5L76Q
363,AESLEUYANRRMSGOONBY6GJSREGUA
364,AESLWDC4DRV5OTCWUZSZHMMYHSJQ
365,AESMEFOVUX4NQIMYIO3HI37YBKHA
366,AESTZOJFSHIUELH6XTIDGGRNGHFA
367,AESVQ7GTI6DBYUSP2XI42JFNRIYQ
368,AESW4STIZ5CRGAT6JBNXFDIVUSFA
369,AET7BX44YR7CWY4O5LZHMAEFUNQQ
370,AET7MLVHQFROYSGSUMTHQMURD73A
371,AETBSNWTKDNOJGODRY2RUMK3YJJA
372,AETD4B3NZCZICXNC7LY7UZ5RUWFQ
373,AETDI6VSG55IFAMCJACYDI4JKUPQ
374,AETDK27CU4544BH5VN75AK6QGVEA
375,AETEEKM7PARPRYDBP4JIH6LIRHJA
376,AETJVSLQFY2F7D5AZ7H4ONORPQEQ_1
377,AETKZ5MNRLZGVGFBB3BXCH4YQATA
378,AETLXXL5Z4RLKGI7UGIDGECUG5RQ
379,AETM3XN4UH2C3ACWWLUKTUNWIKTQ
380,AETMMFA57D47GC2J3TFXHF7ZEEHQ
381,AETOSVO4QDA32E64AGDHF3MOZ2WA
382,AETQOXTNX4ZZGRFKKM6SVWGJFTSQ
383,AETS2MFJJMBOR33ICTPCW5FEX4UA
384,AETTCQ34XRYAYKLWZZJZVRQM5MSQ
385,AETUBXD5T5BUC62VCVGC6OANVMSA
386,AETWQ4GYGV4QRMTMWGBIDVASBKHA
387,AETX2CT6DV3AOMRT52NKNHUTCJXQ
388,AETXGCF36FY7PP3RNVGTGZVWXO7Q
389,AETY3NRJULMN2GZN5RT4MBT22PLA
390,AEU5YI4ASWI7X7WZVDX6SVG56RTA
391,AEUAL3EJKUSTNB4YY6STLYGTJALA
392,AEUBKDMXC6J5JVVYSUZX5IUOWXLA
393,AEUDZQDVSZYCHEXQSXLB6NWQTMHA
394,AEUFYW2XRUF2VQKS4NHUQEJMRJWQ
395,AEUIVFNQVB6YCG3NN6MFVR62K2JA
396,AEULD6UDDD7XSH2HXR2L6TNRHSNQ
397,AEUNNBHWCUO7NNXETXPFC3YQXKWA
398,AEUPRQE7ZDALCKE7VE5NNYXFRZFA
399,AEUXAEZWQE3ESOKNLBVNAKA4WEDQ
400,AEUYBLIYQRSGVZMHIRECEK7WL4VQ
401,AEUZ2P5DA6F2IZOUOLVTHJNA3JAQ
402,AEV56VEJJ5AJGRT22FLFGYC7W4XQ
403,AEV5T3AFMFIUJAT7W2IACLPNXRJA
404,AEV66FG7T7TY2MI6C7FWALZV2BKA
405,AEV7E4Q4NQITP4ESZEL6ZYHS6CVQ
406,AEV7Q27IHW3CU2NGA5NMHVHTLIAQ
407,AEVBATVTTWQKRQ3NE5UISDQ2RMBQ
408,AEVFWS7JFEKHYDZKH4SI5YDSNGJQ
409,AEVFWS7JFEKHYDZKH4SI5YDSNGJQ_1
410,AEVICAPFFUAG22APKGF5ORLXLENA
411,AEVIOLN7HLREGHML5UXYTBLZ6P5A
412,AEVLHSZNZEOGM3W3NJALFRHG5DXA
413,AEVMRLM3SY7CPJJXU3CBA3LU3AZQ
414,AEVMSMK7ORY3JVWJUDEXVLUAWZOQ
415,AEVOU7PXGR3XJCZVMSK6GKPVIPYQ
416,AEVROWRCDGPSFKX2N65S52GJV4KQ
417,AEVTWAEAF7Y3S2PLZDOGNT2X3ZCA
418,AEVVQH7VM5NFEL47GIXSMP5KVH4Q
419,AEVW6WHBO4IGKDNMN3FOQKMAGABQ
420,AEVX2OD6UQ7QD3VYGEJ4SJUCOE2A
421,AEVZYRKVSCJJDVT7HBS2SZOAXCYQ
422,AEW3JO4H5C5RILXUQPCCBSKNJFDQ
423,AEWA73ZOFSME3SMC6WKEDTKMDGHQ
424,AEWCDTEBLMWTPMKBWRZQOLHCV2XQ
425,AEWFDRE37ICDKBMVGFPIC3VHE2CA
426,AEWG6G6IIZQVSVH7UK7LIQSKW7VA
427,AEWHLGO6FWZ4ZO7N6TX7I2FYO6EA
428,AEWIKQ7HKUQTQPKMO2MF3I6MHWXQ
429,AEWIQQPV6D7IWYUGPB4VIYRHUS3Q
430,AEWIZYZ2P7Y33ABLW5H6R6FRRI7A
431,AEWJZBPH4LMUA4UAAQ65V2AGMDZA
432,AEWN5YYVYRNN7FMMK5OS6G7FC3UQ
433,AEWNH5L73TE5U6OJPGEXH7WVI5JQ
434,AEWPK2T54PXOXKT3ZWR6OXH6SYJA
435,AEWRLUGT6P5KJVVYNIIJXE44RXEQ
436,AEWTQ7XVILW7GZXCEEBZM3MHT2CQ
437,AEWUWC3QEJ5ZXJ2R6ERWG6OQWQBQ
438,AEWVOYB37KBAMD5EVWRPYXOEL6RA
439,AEWVRXZBI5LNMSZ6QZ4TN7DBOSSA
440,AEWX53MX3P2KYAVKZVUG6KKVNLWA
441,AEX6F3NHCLMPXTPAS2CVOUQMOEUA
442,AEXBDCIPK3BSEHVLDQFHXR6P4N2A
443,AEXFWU6GVUPKKWBI4QOCLX5PBHWA
444,AEXGISIVX7WBUNI7UHHERVB3DF7Q
445,AEXGONAU5R6RIZUQWMI4MXSMGEOA
446,AEXI334EGBECSLAZTACR3B3MKMEQ
447,AEXO6YBJHQZFPLVRQJI6VX7IJDNA
448,AEXVSLHH2C4OV54J72TOUOJDTW3A
449,AEXYLV5YOYWSLGG47VVECVURA7XQ
450,AEY3E3UIGZHO2HD5P75LQWQI5YRQ
451,AEY5YSMI644BYXAP7ODLJ2QWWSSQ
452,AEYCHTQ5HM4CQHLOECPHCCQLVIMQ
453,AEYDZESPYTF36KZCJSCO5CJ552GQ
454,AEYEH4CSE7H36GVZEKZIXG2YS6LA
455,AEYERBW72D3BWUI4EVNBONPQWQYQ
456,AEYFQK2M7OICAKDKJM7PU3B2NVGA
457,AEYJ352A65XRRSMEJIOZAMSFG5AQ
458,AEYLJGNZLCN62ECKJI2SLADNMANQ
459,AEYUTJCSLN2GWIPUKCP5JPCMR4IA
460,AEYVPPWR4CIKWX4BGYKCBCDL2CZQ
461,AEYVUYFVUHDNWCN56EP26LONSAFA
462,AEYWZ7UWUBXZMHT5PY4G6CCXWIJA
463,AEZ2VPXZEMULZJFWL63K3BATYNPA
464,AEZ6ZDZIOROZOQA7RYFJQXSWIW5Q
465,AEZ7XOPLPIDM4DLKWQPND46PGODQ
466,AEZCHMEL5VLCILYRIGBYT4ZZ4HIQ
467,AEZEPIRF75CJDW4NHPFJOT3GX3GA
468,AEZFFVFK3LN77KC2DOWHSLXEGHQQ
469,AEZG2W4TRMMNFFAWS2BPQE676K4Q
470,AEZGGDKCIVNXHMK7P2MPDSBOEPXA
471,AEZIGGVKSMBXMVTAB5YCWRAPPNNA
472,AEZINRFLNV6BSUBC5AG3DFOKAHLA
473,AEZMV3TDHN4266XP325SPONLYSGA
474,AEZP6Z2C5AVQDZAJECQYZWQRNG3Q
475,AEZPAUOMTVXOSFDHLNZZLY5W6PGA
476,AEZQ4NFC3SXBWXISUAW4Y6S2A6VA
477,AEZUL3R34WWAORYARPTJG2X6KC5Q_1
478,AEZV54NJ4SAECGM7WMYO5VF2EG5Q
479,AEZY3WQ5CO4DOXRNJOWWXJYKCAXQ
480,AEZY4U5NH3DLMEWI3F4CUBNFVY4A
481,AF25FEUEZLYZM2WOR364H3FX2AZA
482,AF25J7NXSRNKIUUQ3C6TPR7CR7TA
483,AF2BLE54TEMGZ546U763ZHZRXC4A
484,AF2CZVJL4LC3ZL6KHE5JEC5DP45Q
485,AF2DR46ZLXWVCJYEOOPQ52IY3H3Q
486,AF2DRFFTD4O7X7GHSFSW3PAFBDCA
487,AF2HA2WFN6UZYUPWFYFURHTYLYBA
488,AF2LFSDT2SHRD2WEEC3O2ZWIWYEQ
489,AF2LZSVZTUD6QPEKN32A3JCGA2DQ
490,AF2MIZX3HPSPBQPHK2KUNF3USH4A
491,AF2WUCDLKQY24CXA5X7QZIBB4OTA
492,AF2YKZQRMRGJ655I3MKQUYFGRQGA
493,AF33WBHFGBOPCCNCH4GDB3PFEOQA
494,AF36VENBHOWRNMAIPZE46MKT6QQQ
495,AF3GJINQTIIYAT6TU3Y7M7ME5TFQ
496,AF3I3SEG4BE6R7JP2M46ERLH6R3Q
497,AF3KNIB6JUAQDSP7HZEVB44DHMKQ
498,AF3ODW6NCKEVVTGZNFS6FUQYSGTQ
499,AF3OICPENFP4QCWGLJTRS6HLBGYQ
500,AF3PBFOBATUFYBJMDEIBIHK52NSA
501,AF3RENOGZJOCO24HPO75EEIF4EHQ
502,AF3TGXU24MAMLHDJHMJVJLS53Y4Q
503,AF3V4XZA367QZW7RJBKL6JB5GK7A
504,AF3Y2QB2BQJO2CRQW36VTAXIXZRQ
505,AF3ZBR3QPWW74JHMXXMCT7NTTREA
506,AF424UIGWFHGZ5V46U473KUJPIUQ
507,AF42C7Q3JVLKUYBZI5GOCV5MALTA
508,AF42DK6YVBPENUUOLGPWBRXBPTRA
509,AF43BTD4LIGWFUKI62M3USYSJ3HQ
510,AF4AB6A5ZCQAG3QYYUUSCJ2IJGPA
511,AF4BFH7HQIIEWB2VA3GFJH56RU4Q
512,AF4DRNWYQUORJOPAVYG7FNYK236A
513,AF4GDLAQHZ4J2EH2L2OETA4ZHJZQ
514,AF4K52N3JYLO3MDX2VABARWC2RMQ
515,AF4L4EQJOHISA4U43M2MIW5N4ZYQ
516,AF4MBGY7O6OFKTXXEE4JMSXPUX2A
517,AF4MF2TEL724JVL42HY3LH2EZEOA
518,AF4NHZ7QVIWLZNHSSGTCXLNZRDAQ
519,AF4OMXALFVBMFOFAYOUSFS4P33RQ
520,AF4P6A3SEKS2HCISWAKFZVIFM7NQ
521,AF4PKNCFFXYHTU6HQETSGKAHHYHQ
522,AF4Q5EV4DYC4RTYBA7AUDAJQI74Q
523,AF4QLWR5JSHV5LGB2VWIVNQNJTMA
524,AF4RHCXG3NPYU4ZNFN6WCPSXD6ZQ
525,AF4XCHGF2AJ4S2MV22Y7KOUJFZPQ
526,AF4YK6ETKIRQ36LYVR4YY3ZS4ANQ
527,AF52JT3YJ3H3TODJPUTOK4D44D6Q
528,AF53DQM3ZB5BH6XUNW7U2UTZ7LOA
529,AF54EONPTUSORYJYLSJXYZ4CKZYA
530,AF56IMAJHHQYAVBIALV34HZ5NN5A
531,AF56VFXXVVUIXVQXMKNFO7HKLOVA
532,AF5A5PMCP3EPIOVGZSAJWNICC6UQ
533,AF5BJFLIVCZUSDYDXK56RHTPD2FA
534,AF5IQSGLYMWLW4KH2V7VTUZLHUOA
535,AF5LHZNYDAYSIO3ICRMFGB6M4BFA
536,AF5OBYUWJKXK67IEZDVU2ULVZTZQ
537,AF5QVEMAHL2ZN7BTEQ2QXX6HJSMA
538,AF5RJEG4EDJSMOJNCZQR3Q7AWSIA
539,AF5RYWBSMOYLAQXY7KUFODGGURHQ
540,AF5SLVGQHGYFFDNDONHI44VHVKTA
541,AF5TH4CV76JKHHGPSQCDNZPPFZSQ
542,AF5V46UR7QBU5OQDNZDEPDPTE3AA
543,AF62A3MAGK5JRKH6GM4UBZ5CAKOA
544,AF62XPFWYF663BR4BWJZCXSFIDSQ
545,AF6BOLOV5NJRWEOS42L54UH75OTA
546,AF6CZ5N5O4W2DTC7PQAZNUPMG3JA
547,AF6FMTV5MQT2UJT5DR6VSOTNZ6QA
548,AF6IP7TOUPF3OV725DDLSR67UFQA
549,AF6NGRCHSEJJQT3VGT3ST62XY3UA
550,AF6QHJSY6N5MMHTC5L26QOTX6K3Q
551,AF6RTFII4XB2EGU2C3SYBIRGG4VQ
552,AF6SM2ESLD534XWS7P6PFSL257CA
553,AF6VN3TUVQLOPONM5GPIG26BMHIQ
554,AF6VQGVKWH2GKDEIS7YQ4NCDURQA
555,AF6WWTLZHAZBJMKIDECLY7DS46FQ
556,AF6Y5JWBSKFBCPYXDVM2SQAEP2JA
557,AF6Z2TQ5BOCRCNQUNPUBP5XCYZMQ
558,AF746G3NSKJGUVQIOUU7MRKJZIUA
559,AF7542ZZDZ4XVE56C2YPD2DMF37A
560,AF75GMX2RZQPFVN5HGKQPEKFOYQQ
561,AF75NBPFIT3QKRMGLTXPRGBQ6R6A
562,AF77WIID7TAGOWST2NGGZQIRMEOA
563,AF7AJC7EUHIXN2PSQVH67RLJJEUQ
564,AF7B5U7QXMDHT3ZLRG5TXONHDGOQ
565,AF7CV7GFXH6KNDOY3MJ5Z7VLSDLQ
566,AF7GPKYC4R5FESE5TDQOHFJLVUKQ
567,AF7JDVQ5I7T734LVKXF2HAIX55MQ
568,AF7KF4EUEQ7ZW5YOZGZRNSPFJREA
569,AF7R2ZFZ65KMPMZWIR3QPH7GJ2GQ
570,AF7SYLW4EF2WGEIAST6BZ3JRQ7KA
571,AF7X7NCBSFLSVVLZZELHBCBSYPUQ
572,AF7XGGFLSI6ICFEB6EVWF2C4JZDA
573,AF7XNTURXVPO55T5EP4B4DVPQPPQ
574,AF7YWNHEBYJCFYQITJXS6ZKOOIIA
575,AF7Z6C2D6ZHUBBBVQ6MS3HCQT25A
576,AFA27UD4BIFF2PJA35MYBQBCAIDQ
577,AFA2FCSVPNZZKNB6KWTPXK4XF6FA
578,AFA3455BPZADTN5U73KR2CK6LIZQ
579,AFA5DMHPDU45DN2UP7W6C3LKW3JA
580,AFA7YMNSKJF4Q4COFLB5IWKYQTLQ
581,AFAAY32MQYRA56IVSVNSCDLNE62A
582,AFADH36TMI5HG25EWRLQ6FJBSJTQ
583,AFAE3PM2LFARJMERP6TBTLNVQGYQ
584,AFAFTYAKD3AZERQRT46PWZ4P2ZPA
585,AFAGLQ3MJPGL5736PU4ECCH6JIDA
586,AFANUWVHKQGKKHI2LQZVMC7CVFVQ
587,AFAP7WK3B3XE7V5VW5XEFDIKABUQ
588,AFAPFV4YW5JPXMWF3GHU7GHVAPSQ
589,AFATNFWGYVVMEZWGDNLDUXRBRFLQ
590,AFAVAUPHJ4CFL75JGCGY6H7XK6PQ
591,AFAZZCSX3BUJTDQGKFZMNDFOUWDA
592,AFB37VFU7TKHOTAJJBBEM3PAQPGA
593,AFB5L26ZMR3M5IXB3TR7NBTIFEYA
594,AFB7QGOJXRTRRZ3SDOSIRCR66UQQ
595,AFBIPJHEEJLZDQ3JEZTXMHKWGB5Q
596,AFBKBWXSHQMW65V4VQMTLARY5G5A
597,AFBKNBVCDMVQIUTYTASQOR6KT45Q
598,AFBL4F433GA4KVE2OIORNQOUABBQ
599,AFBLBHZPHEI3LN5WKJGOUACDPJXQ
600,AFBMEIQ3J6QZIABRT2NGG5MKAM5Q
601,AFBQEDGOE7DKHRKZGC5JSFB4V7GA
602,AFBR5VDMITJI24U5KZRYEPET3TJQ
603,AFBUKVT3KQFLL4X536HS4KKBBJ7Q
604,AFBZ5MHWVLSJLGSBTMJGQ4IJDAHQ
605,AFBZIIXVEDBKKRIABGFOQJP76N3Q
606,AFC3AW2D3RBT7MUS5C2YISSP36IA
607,AFC4CW5EO7ZX2PADUTSOAYF2MVFA
608,AFC5MFTGAM4N2SK3QGBSMPC6ICQA
609,AFCCWF2SHEO3ZMMRL7D6NXKWYV6Q
610,AFCD4TNN5JAQMMWKVMEHCXKYFUEA
611,AFCGEGIJNM473DDTIQ2AVBGXNRFA
612,AFCGLPEP7KRDLCM442DGOAEVGWXA
613,AFCGUD5XIHWLLPFQCAQUQMISKMFQ
614,AFCGYKM5JY5GKUWPIBJRLKIYO3RA
615,AFCI3PAVNMM3Q5CD3YYY5XZUYOIA
616,AFCKKZ2DSXLF25MQHFVOQ4ASGWZQ
617,AFCMHYJTBQ6PGQWDCDWX2KP4GJ5Q
618,AFCMZH3GPR2DTN7KZGAO6XIYTKFA
619,AFCP2TNAYCO364NXL2CLWQGFXHWA
620,AFCPCCNAH2KBNUSXEOASZJ5IPDSQ
621,AFCQK7ULMRVPQV76QKO5TUQLNQKQ
622,AFCUZMUJFPZEYDLMS4MX7LSEM6SA
623,AFCWPO23NJUDE2XHXFB6MFNJOB6A
624,AFCWZGULT7IPNKNOOMA4HOS4HCHQ
625,AFCXBV3VMX2TP5V4RBPM744BBZAA
626,AFD5NEBZXOV4U3SGL4VRRUXK4GHA
627,AFD6ISTH6EGE7CPOSFQVN3F2Y4OQ
628,AFDA6WHFXQKOS34GBTOORKLCVAUQ
629,AFDGZOROW6QIY6VNQHTSSF3G6RGA
630,AFDH544WNGWZTPHNCP5Q2LBLUUFA
631,AFDHLL7NR7RJTGTRFOBFRHYUKLYQ
632,AFDI34FVW7HL37P77M2OMJTVUIZQ
633,AFDLZIZEGT7DB7MQOI74MLLJ4JKA
634,AFDNF3R3MX5VOO33C5USCZ2U3YXA
635,AFDNVPMB44ZS5O2CSJTL47BI2QTQ
636,AFDPJPHRBJTZ42SPRG6G3BCJXB4Q
637,AFDQSATPIAVENFILE2FMYQ6EBJ2Q
638,AFDTY7WSDS36ASNEDSIT6HXK4WXQ
639,AFDYIK3FNPY2JFBQYUWC6GSBMIRQ_2
640,AFE6TRAFYAMM5BCWQBLOGXGPJVKA
641,AFE76R2ZLWP3G2M2PUHH4KBPUGDQ
642,AFECZ7DGTQZZLJ5CS2KOEN2G7NWA
643,AFELNMJLHB4HXHUJSGJMOOJJWNJQ
644,AFEP23NFXJI3T44Q4XC55NT6COAQ
645,AFEPQHDAC3BZKINTGU5P4T2EQK6A
646,AFEPZQYMC3YF5PJLN5T7OK47RPKA
647,AFER65ZEVZLAPFPOHJX5WMM2MGKQ
648,AFERBXYD7CR2BWLDOA6YGRM4QRXQ
649,AFEYHZ6ZZCDYHVCZKIEDM2HZTVSA
650,AFEZSUED252I46XWARER7JQGQHDQ
651,AFF6KJNGJN6K6YSXDU55FI4HN7RA
652,AFFCCYNKNUHEVVTVGJWGYIRGKHVQ
653,AFFCY7CHY3KLI2WPZNBAYPGEHUYQ
654,AFFETTREBYRVZ25DYQKUHBF2X2LA
655,AFFF5KY5G33SNNBEXU333FDLYRWQ
656,AFFFVUA7JPDUWCPP2EUVIWCHGNIQ
657,AFFKES2WFZDYL3UVSEIQZQAV3XSQ
658,AFFSUZU6I6KXCO2MEDCBNVLTYUWA
659,AFFUEWAIOTIGE2P2ITEYC6LUBOTQ
660,AFFVAEVXTKEZZ6RAOEXCLWSB4ABQ
661,AFFWOJVLFHJRDV3KFGXGIIHTF6DQ
662,AFFWOMR2TLNZJGB5PA2MARXU2AXQ
663,AFFZVSTUS3U2ZD22A2NPZSKOCPGQ
664,AFG345XCE2KCOYWZ7XHR6WISEVWA
665,AFG75MUQ6VXMZTSGTE6PGZ6S4GRQ
666,AFGCJIO7DNVCCZPG4KVMKKXVPJLQ
667,AFGCQY33EIQ7DNTBJKEIZHR6D5PQ
668,AFGD7BC5SEX476XZYJPUYIBUSEMA
669,AFGGRGHGHSFKMZASFBYFRHBBEOPA
670,AFGM3WALHHNWCL3WI75IQQTENANA
671,AFGRKUTY6KAEIEZ6FC7TBOSUSKHQ
672,AFGVDY6TULEUDPYWY2HPND3S726A
673,AFGVKSZL5WTLKVMGSYEBWXGABBQQ
674,AFGXSSBFFDH6BNL3A2247EDYSATQ
675,AFH42TXA4EETS36U3NSOXOZFEJZA
676,AFHB4ZID2L474DEBGZA37FIUFK6A
677,AFHSBRJGV266LO7X7FPK4O2PCBQA
678,AFHUXLRVCFYF3ECTZAZ2S65FQQ7A
679,AFIA5YDIOGEGNRECRIKC2U72H3SQ
680,AFIA6GNITBVNFDHEKMTIVG3WFOMQ
681,AFIAXFQN3RHN7U2MU42EJHMYMOXA
682,AFIC4N6TON4LV5EOH27BKBT6BH5Q
683,AFIHXX7KL4X5IJWZSOJNGNQUV3KQ
684,AFIJGTPO2PLLWKZLMRMH7FIUDFXQ
685,AFIKCGM7AKKPLNQZSWPOXKJHSVBQ
686,AFIKFQYNUC6B2L7OJRLRL2A4ULDQ
687,AFIKHGR3E2N444DHRZHNL7BDUKCA
688,AFIM6ODSDSNQAYSBZMXHOH2PKCJA
689,AFIMRCVGA4S24IUTVDXM3BEPMQ7Q
690,AFIP5RCNPFGWDY2SGXR4WN5CVLCQ
691,AFIQDNWL5N3DF5VOKG2JAQIDABBQ
692,AFIQSMWXWQYITM2MCGHOGC7XBEIA
693,AFIRDT22JYWQJOLSXLEED4L3QVWQ
694,AFIRPPNO7RSBC6ZM6OILCILN5ZJA
695,AFISZBB5GQ4XOO5LNPH3I6O3GYEA
696,AFIZSMCB7TIH7APWCJ2AV3V6OSFA
697,AFJ22OLIX6JIM7Z3VWL6DC57KEIQ
698,AFJ4YAHXPKZQSEJTCCJ5Z4KPYZKA
699,AFJ5IMR2SP6HO5J4WTCZ5NQ5EWXQ
700,AFJ5YJLED3Z6L7H6JQZ2EGSIM7EA
701,AFJ6J5LH2ZHMUBNKZ2ZBCHMIBE5Q
702,AFJ7ASGDZHFL2LGNZXUPOCBU67LA
703,AFJAB5S4BMMXACJU7CEK356C2AYQ
704,AFJBKPK5W56XWSNPQU2WW66ISWYQ
705,AFJCRMSGWYMAVOASYUUBR63OTLQQ
706,AFJGARF5IQKP22RR54CXFCY67GQQ
707,AFJOKSJE3KPYSUXT6TCKRRD4RO2Q
708,AFJON6PPS7WYYWGLAU6N7XPIQIAA
709,AFJP3Y3CXHBJ637UNXOR5CV3IDFQ
710,AFJQ2IOYZSADISA7375WAPWCOQOQ
711,AFJQW6LKQZQMT6IIEOO34ETFWENA
712,AFJTTFFMPZ4BUCY6UE4WHHR24CEA
713,AFK6BWT7CLDV7GB6BNWKJ4M525YQ
714,AFKAIQDCNE5656T4RLF6U24C7L2Q
715,AFKBJUJ6HGZCEF2PHSDN3UC4T5FA
716,AFKBVUHKXWWWQPBJWVZIKRRMUG2Q
717,AFKIYWISPS3DKX54YOGW4EAQJH2Q
718,AFKMW2IMDBOVH6JGT2LPRIP5POCA
719,AFKMX6JZ655VPVYHBTATZQS4IBOQ
720,AFKO7QSWNHYD7J57D5JCEPOHGIUQ
721,AFKOMV3T3QCF5MHX4QNWIXXV72EA
722,AFKQDPTVJZZVBBGRFL6EZQBCDBTQ
723,AFKW6R7YSGOGNT6MVP247QMLATKQ
724,AFKX24ALWAPX366KX6DWTOBWLQAA
725,AFKXN6QQOAL2AH5J2WEHSKIDITUQ
726,AFKZESU3PTCQ2UVDBDSFVFTXBFNQ_1
727,AFKZESU3PTCQ2UVDBDSFVFTXBFNQ_2
728,AFL2GNULJUTIZCM7NBTQRD4MNY3Q
729,AFL35QZSFXKMHTPBHLNZPQLFZLGQ
730,AFL5OB2GSBEQMSEYKWV732IWQ3GQ
731,AFL7IZKOK5XU4GX5SXGEPXWNOBPQ
732,AFL7UIJ6DCL3LV2K6H2FTBVGDLDQ
733,AFL7XKHBFMYSHBMDRPBLE4MVV7ZA
734,AFLAT2UAZWU7HRGABPWUTVTR5BRQ
735,AFLBMDZDIPCHMWWA7CXQXITPBJKA
736,AFLGJMNYVAAQKGCL7IBP3YSK7Z2Q
737,AFLI33M7ADMQ2B3DSIJLODWUHTAA
738,AFLIANN6ARQGPLIZEZSIDJ4BOW4A
739,AFLJEP5JNLUN34W7NXK4RVC3YU2Q
740,AFLJH2WSAZTXNLSRFFMNTX267ITQ
741,AFLJUPF22BZ3LZPUDU5ZD46KBOXA
742,AFLKX7ZNVK2DN6LG3EAP6ZNYUFHA
743,AFLLB56MWF2T4YVFSXIDTBTGU23A
744,AFLW4QVB6RU6ATQT43KZCDBVZYEA
745,AFLWPONTDY5SAMCO5RLFXGBVBRDA
746,AFLXRNHRRC3GL3POV3K3YRGDYOJA
747,AFM2HNQ3LIPTBOES3HVTAXFZE6YA
748,AFM2VCOLGPR5UYBZ5K3VRZJNFJRA
749,AFMBHUJNRBC5QOZBMLILIEBV7COA
750,AFMEZ7AL3G3ER3ATMSLHNWHRT2FA
751,AFMHLCUCTIK3ED5BLTPPMB4YFRFA
752,AFMKTS2CGBU7724UXU3RB42RVKSQ
753,AFMLL4DATPQAMU6ERWXKAWZFMNTQ
754,AFMRNKCMPCQ5LK26BNF6TCIOUJOQ
755,AFMRXCVYTBNXYOFP73K5624JEIBQ
756,AFMTB6XAI3YBCJVTOGKOFJU3LUOQ
757,AFMUA7K3BRXWB4XO6QARYIEBI42Q
758,AFMWLTOQZZUJM56V3VJRNAGZ3SGA
759,AFMY3JLTJRCRPPNTFKYUWNRCJWPA
760,AFMYD2O2LVQ5HWBCF54SM445F6MA
761,AFN2ODMZ7ZSSWLOYOABHVDUZVV6Q
762,AFN3XYUX4GZO7J2IO6THU6UZO67A
763,AFN46QCWOY4QQNPYEOM3DPXNOPXQ
764,AFN67H5SNEQR2OYWKRL4LYQ354IQ
765,AFNACT4MLU243POBVE666TFVUPGQ
766,AFNCHMAKUAJOGVCKOA4XGLINHPDQ
767,AFNFY66UEQOZQG5NAIL3U7G4RVWA
768,AFNK5PALJMQDBCO2KPLRFSIRCRTA
769,AFNL6B7KCS3NN3K5ADRPXO7EINUQ
770,AFNN7UY25ZTNKJH4XF3WOLH5SN3A
771,AFNRGRORFAGSB7WGANETBDDYDEAQ
772,AFNRTOQBZEL3MZE5FUDIGEGV7H2Q
773,AFNSMU3HH7PZ3XQPVDV564NRTBVA
774,AFNTQDWERBYHZXFWZGWPWU3UQTTQ
775,AFO47OEXNGA5WBFSVK7L3DG4UPAA
776,AFO4JFVHP2IUNIAM3R2HWEHDEUJA
777,AFO4TK4OIBI7MTKVNSZ2ILYNA5BQ
778,AFOBLK63JB6DQUU2W7235Q2J5HQQ
779,AFOHEGEBCTPWINNSOPTRXCJHBCMQ
780,AFOHSLAHUYUQJJENU7GGHIBJC5QA
781,AFOIAYMISF2NCQQV7SHTNW52AWZA
782,AFOJ3VUVNZJAAU663ZQQQENG3I6A
783,AFONMHIP27YWMPDAR4IQ7X4CQCMA
784,AFOQCSOXXH6HI6JRS2WXRT2XSK3Q
785,AFOVJJEG34N37MUS4B5ZFEBXOSKA
786,AFP6PPCKKLWTSZVKBJN3H5CZAF4A
787,AFPBHQKFPJNU4ZPZDAJ64VOT2X5A
788,AFPDGV7HWYESLKKQIN5HIKNYPAEQ
789,AFPF2CONJ33FNFKOEQ2TUNWQJTFQ
790,AFPFSWOQKMB23WJPUFIMHEH46BCA
791,AFPICZRFOSHWKEWUGYJ4ILUVPSHA
792,AFPLVRIJCVEZMKX3552XTPPVORRA
793,AFPM4D74WWLFUJC7UGYUBK5FY4KQ
794,AFPPNF3RSFMMNC5UAM6V4B475MBQ
795,AFPPTJOEUPVXA5C63SNRGID3EQNA
796,AFPR55WPH374GMI56Q47AKFXACJQ
797,AFPU2ESIDLSPF36S4HVS7BL6C7XQ
798,AFPWZN2DVENLLAXICJCFJBQR3NPQ
799,AFQ2JPRN3KEI4HYJA6VLL7PUV5WQ
800,AFQ3DBKX5OKAPQCCOK2EBGMSW43A
801,AFQ3MI5EMRY3KXDLZX3QHEQVGQOQ
802,AFQ3W6QCMVJRSTYPSF3DMXQ5CYDQ
803,AFQ6DFTKAWHJTOBWJSBOCNLZH6QQ
804,AFQAWYDN4LFQLXRILW7QQG6RD5QA
805,AFQB4EFWMEC7B7WXAYSKDR6MS7MA
806,AFQC76G7KO5TTAWJOIAREAKEJP5A
807,AFQDIYR2TGL5U5N52OMEN7FUEHAQ
808,AFQGXKKBN5V3V5V7CY42FCQTAYHQ
809,AFQNKOJVCTSPUXQIHHKIZHUC4U2Q
810,AFQQQ5LGNSQUEBGDCYBAZZE5T3DA
811,AFQRE3EL26BZXPIHHQCOFTSWA4PQ
812,AFQRNCF4VRLK654LPYWZYBZM3MVQ
813,AFQXLVNGHCUAOV2MEJLPQ5V737KQ
814,AFR2XB7TRMQJCRB6INYP2W73EH5A
815,AFR47WI4LNHCHTGOKCEC7DRQK2BQ
816,AFR5OWKCATUX3AXUKMVDJYMSVR2A
817,AFR6GC4TQ2Q3F3ZTILA3PEIPFHJA
818,AFR7FKLYHHOEKB7LIML5SHMYR2ZA
819,AFRBDEWFVFQTDOUNSOPGUGL56F4A
820,AFRCPAATHVZENQG4HLFN7M3DAG3A
821,AFRKEXHAJU3CWRNGZZ3BB7QKDWDA
822,AFRMOOG7VG4WSGTOQCQMGLIGC5LA_1
823,AFRMOOG7VG4WSGTOQCQMGLIGC5LA_2
824,AFRU3KLSD2QPZAMVBI2KV7G5JGQQ
825,AFS2PFXXBETJYF5AK34WG4GHJEYQ
826,AFS43AAMDXJHENAN67RJBMVF6UKA
827,AFS6TGPAWDM2GKIYM5N6VH6VTEKA
828,AFSAXKU76JS333FKWI5V5ZUYK67Q
829,AFSF7EGB45H7VMZ6JS3OOYFWW76A
830,AFSHXT5PTGDSFW2725SDXIE6ZVEA
831,AFSKPY37N3C43SOI5IEXEK5JSIYA
832,AFSVKCBY5QQDK3KYDNJ5W7MZQYRA
833,AFSXWZGKUPC6SZZ22NRI2S6L2KTA
834,AFSYEOBTC3ULN3DGKABPFR6FIWQQ
835,AFSYS2MOJIZGIFAIOKYIHK7AVZOA
836,AFT5LVVNHGMDO423IPU3AXEEQX7A
837,AFT7CRVHKNYCMMFZJIA5BJRXVKNA
838,AFTB6252FZSEZWYP7IEPWCW2Z4RA
839,AFTJ7XQN2EIELHARUBBL6Y7L65DA
840,AFTKJZUSHJF6SQHNZNCQE4EO35YA
841,AFTLLHO4PXXOMHAJKJJ66BDV3TYQ
842,AFTLUVGQWKW6XSQ5TB6UER5Q263A
843,AFTLVWXFMN4BHDCGLTH7WC3ZKU5A
844,AFTMXEQ65QD7ALV55GAPPNK5OCCA
845,AFTNI2PTKDNFFFQ3EMQTRHB532FQ
846,AFTOJE6AK7BKAV235EC6K54BXXRA
847,AFTQN4MTJHHVFM4FEXY5KT76OY4A
848,AFTRM6DYEBLY6WCVATTSENTHPZJQ
849,AFTSML454XZ6XC4JQD7GFAFJE4JA
850,AFTTKJEPUPYH2O55TNT7VEZE3KXA
851,AFTUMJDQW4LZKXAPCB64N7R66REQ
852,AFTXIXAVZK6536MQA6NTA4RW6HYA
853,AFUAKR7T37ENPSFCNQFHAAWRCVLQ
854,AFUCGQ2NHPR6GQNLMFF6Y3ZC5BRA
855,AFUDGOZ6HBQFX2S2YUOOFU7UMJNQ
856,AFUDQCEFGCGFLIAXCMYMY5WQS4XA
857,AFUHUI2URN4L3V3SJSUCBC4PMUTA
858,AFUK5ULOTAQ6MVW3FAUYAIM7DLBA
859,AFUKCEULW4KYMWRQCVGI6K3WTVUA
860,AFUOEOFQCIPRRINSUWK5TYX4UK4A
861,AFUV6POK3W7N46UWBX335UF3BVUA
862,AFV5BKJQYU7GL5XSAXA6BWJ2ET7A
863,AFV7YKT3W4JM5UWTUISPRXIWA4VA
864,AFVA2QSHTUXYVQQ3KPEX2Z2M5XSA
865,AFVDR7FS4UTDJWM5V47NDLAVYU2A
866,AFVF43QLTBRBXQJ6YRNHMYAICLEA
867,AFVFBTFOFLWNMQNJZUA3V3SCVH5Q
868,AFVG52AYC2DII7UH54QKFQ4RTJYQ
869,AFVL5CL63EUUNDO3QPHQQZPK7FJA
870,AFVLZ5PK7IRJ4RLUC5BWCJTLF6EQ
871,AFVOZ4UNUZKEQ7GTQ3IHQY7PZ5FA_1
872,AFVRRXH7SFVMLOH3E72LOV7MVOEA
873,AFVUNKZU6OKGHABGBKQRF3KS7WTQ
874,AFVUW422C6MP7YAWBZRGOKSAGKXA
875,AFVV7CLXY43P3Z3F7SROBZATZVSQ
876,AFVVEGO2FG5KK7ERTEYKTSWO4ETQ
877,AFVVHXC46GES3HXVII6FWLQ6X7TA
878,AFVZ2XE4YSOYYF4F3QJP5OBNIGOA
879,AFW2UHTLO7B3Y4GISWMNV4QHU7XA
880,AFW373BQ7S5JTCI37O2TFDKAAEDQ
881,AFW4GOVTTE77CMQEIGI6GNSTPAPQ
882,AFW5FHJLL4YPKBO3VOT67R3NB3RA
883,AFW664L3L3GT2VOZBMKW2YZNJQ6Q
884,AFW6U3XJTO5COSX4GJJM3TWFEOMA
885,AFW7VJHUE2NOMUYVLQ3WXYFRUDHQ
886,AFWBLJNGV5OEUKBNXAEMPMNGLJWQ
887,AFWDM2RDY7N264TYV6YRKUIXUQ3Q
888,AFWE27HZBQGO5KWE5FWGC6I7YJ4A
889,AFWHYGDKD73MYNNG6XLOODXXDRIA
890,AFWJIG3VYZQN3LGDLUX64LNTAK2Q
891,AFWN77ZUNMYJLZ4GKBHQX6ZBYJHA
892,AFWNF27JW4BMXDVPYLMBSHLPVKZQ
893,AFWTG5KZEI542BTLSOT3I7SGFMFA
894,AFWTQEZOKOBRYC5CLNTFRNE3GZNQ
895,AFWVN52MRBWOTIK7UGXBWGOY4HBA
896,AFWVNUFFCIPF7Q763HUW5QKBHTPQ
897,AFWY4VNXU3XCGNVCK4DPS3GLH52A
898,AFX75C3ZAE2NW474FKDCYCHNM3LQ
899,AFX75E4KGIGOIYSHS5ECMQQAFWDQ
900,AFXF3EGQTQDXMRLDWFU7UBFQZB7Q
901,AFXIUW7XX2V7XNSLTRJ4IBAU4ELQ
902,AFXJP6GOXDNXWJJB7HO72RODBOZA
903,AFXJTDF5NUVLHKVJU7BMR2ZDVKBA
904,AFXK2Y5EYLOWJDUBMBQOHI3SOHFQ
905,AFXLH3ISDX56ZOAD5ADATSIKDBCA
906,AFXP55VFJEJQKMVZNA5EPCDYJM5A
907,AFXRTMN7KCNFLQYB64ULCH5LQ2HQ
908,AFXV2JNFQ3CTZCWZL45FUBCSB3BA
909,AFXVE3G6JGFNBJKJSJKP7DLA5WMQ
910,AFXVTGXK3PRC5TSZEL5VRXVCN2FQ
911,AFXXNLOFYS72WZGFNVXT2ZZW6ESQ
912,AFY3DF5ZXFAWH5ADLZPJYCW2IM2Q
913,AFY7R6NIDZW2RYSE36LMS4OVETZA
914,AFYAE5BJOLD236VBYVJLUDUJTLRA
915,AFYCBSOOCG6BBKJ36A53OIAPRSFA
916,AFYCH3QQPSSYGCY25LHCBCNLFRPQ
917,AFYCYUBJRIWXAIWZWLBJ5DNNLZFA
918,AFYDKR7YHZ3SI7UG3ATD35BX7VPA
919,AFYF3RMBXF63VL5WHFNQCOFOWTHQ
920,AFYFVBKKIQSP7ZJSVTT6KWAPFVJQ
921,AFYOUD6JHLIXCTM2NYWNARHGVFMQ
922,AFYPCK73VTWP7RP7OE6XXA7GNU5Q
923,AFYSHCJX77N6OZHBKFSTSYZGNJWQ
924,AFZ37EYQG7FPF4XCFMN65CRWEHSA
925,AFZ4MT2FHK45GAN3BZCEIYR35PCQ
926,AFZ5MH3CP7RQLSE5GGFGKB4LVRIQ
927,AFZAJHXHTI3GBL3ZQZYQH6X3ZP2A
928,AFZF45QB34DHBM5ONIME72XF7IBQ
929,AFZGS7XLGLJFUSUWNX4XA6SGEZQA
930,AFZIHXLLRIZYAZDRCGC3Z4DYUMQQ
931,AFZNL24M4ZJBJOSSKLKA3EPQQRXQ
932,AFZOCBKVG2HI2LPLXHGJY5V33T7A
933,AFZPFOAKZBFW66TTZYR3Z5NIOM2Q
934,AFZQ74LRGCFO6G6BA74QNVFQBMNQ
935,AFZQQ53WKWU4SFFQXEVPS47OO2WA
936,AFZSVK7P23M2B7GYUYU7TQIHCGFA_1
937,AFZSVK7P23M2B7GYUYU7TQIHCGFA_2
938,AFZUG6V6C5UTP3V3TZJJSJGJTCJA
939,AFZV327AI4OPR5OEBUTO2PRGAZBQ
940,AFZVTRVDE5I2VBA4KEUFZWSRX6SQ
941,AFZXNETV655OT5NR6AD4MMIQLKXQ
942,AFZYQUKHQRO2DOOIQ5JHZ4KLV5LQ
943,AG26ED2F2X5WJTJPWLLY5F2GINTA
944,AG2BCPQBSLRB5LLAJTYWTGMY6BVA
945,AG2BRFHIBEDXYVLL2NREVIZY34PQ
946,AG2EDYAYS462TLBNMXFKDFEOZWBQ
947,AG2EJPIALRKZQWAF3Q4ZNDYTQMWA
948,AG2J5MMW5TJRLKH2APNUY35EYCPQ
949,AG2JSXMDH4MUP67NDNNZY6OIYO5Q
950,AG2MASO3ULQSHYPAJKOE7FVYJQAA
951,AG2OJ7Y3IKPFLRYH3AWXD4B3ZMHQ
952,AG2T7MZLNJ3NTBNLFMO2HEJAIP3A
953,AG2UAMRQCDR4MUQPC4YZERIBAE3Q
954,AG2V6UPI2RYXFSR5I7SJGWQBOU3A
955,AG2W6WGWWO6LOV445XAWN6RBC7JA
956,AG2WJPXJEPFE5FTH42ZR3SRK5UJA
957,AG2Y7W7QX2N27ONC5R5KRR3ZEUCA
958,AG2YJWMXWKLFZGVDPSXO4LHCA3PA
959,AG32GHHZBX6HAEOLCVJODEC2N3VA
960,AG35SWSOSPSHROAEOSYF263U5Z7Q
961,AG36P5GATQHJPE6L33T7HQSZO3VQ
962,AG375WAXLZ7PIOQKIQ6KQB4J3JVQ
963,AG3AE3HUY5WJLA4QL7ZCLMOATLQQ
964,AG3AVVQWEAP4AXNUT3EZ6QK4FOBA
965,AG3CK7F7NP5GM6BN6OHZJRWWF7QA
966,AG3FN5PCJ4DOWHZXWZYI4ZAHBN2A
967,AG3FVTSD7ISLKALIPY24IVJCCDTA
968,AG3GU5MHHM662AATYNDWYOKOZP7A
969,AG3HCAHBCMQBLRO7VLLNOHTH6NZA
970,AG3HKK7MIKRQ7DOTNDOE63X2WJGQ
971,AG3JTOQ3IURV6USPWGHTPJKPQT3A
972,AG3KJSWO3LBGEYZZALI5QWTDCQAQ
973,AG3LFN3BICH2V5RPI2XFRKQSEDZA
974,AG3ODFT34HUEV32WQYCRFWZDMROQ
975,AG3QVHWGYGZERRC6K3SRN3TLTOZQ
976,AG3RN7XSEUATKHG7CGIKKAYAS2JA
977,AG3T5DD6VEG7ZW5S2JA5RN2O3Y6Q
978,AG3URK6BBWXG4O36XMQ6IU625DIA
979,AG3WVKZRCDTPTSSSCZIFGCDHARZQ
980,AG3YNLC2WT2VWXYDGDSSFAUH4ULA
981,AG3ZUFUXX3MNYRP7XROMEBCYQO3Q
982,AG43KQ4JCFXFQVUYEUPR2CSS2XHA
983,AG46RXRTDGN6T6AFQ2O37EHVYDZA
984,AG4APLODR5CG5TCC5NVIICMQRHNQ
985,AG4D44BNNLUEZNG7COK2CNRYUHYQ
986,AG4D4BZAETIVJNMIUYMW6C4YGRUQ_1
987,AG4QQGPDZIE3Y3HF3QYWOBWBH2QA
988,AG4TRGDHYIBT4CH63VJYM5IOAMTQ
989,AG4ULNMWRZ2IXVOWDFK3SQCSJRUQ
990,AG4UTEAHG4MV35RUDPTNYBD6ZCXQ
991,AG4V4IJWUNPAXYEFI6YS2HMQWUTQ
992,AG5A4BNLSYHH2IEFJD3UM3N2IPMA
993,AG5FGCIM6PBJX3JNDRKQMITZTIMA
994,AG5GZGCZJ7TQUT7QA7JXWNXDRA2A
995,AG5HBFUZ4UYNUT7N5WWXLYMZWS5A
996,AG5JXMVHZCYNYEXT7PCIQSVET7HA
997,AG5LC5HSFYGJSK3AQGHEFHKX6ZWQ
998,AG5NH6UHEPMAQSA4KARSWK76UECA
999,AG5VYZRRQMI446JENF3F2ZA7PLUA
1000,AG5X7COSPHSZREKLQ3OKHIAKYT4A
1001,AG62KZEH6M2D76RNTOW5WAPSBFTQ
1002,AG63W2BMC4HRP76AMS36AYY64AHA
1003,AG644AQBRT56BVFDCJMISCNTSRMA
1004,AG65DXBJZIOGJCKHBHZT3NMXN2FQ
1005,AG6BLQGKWPSBB4KW7O4LFYTN4ONA
1006,AG6CDKQSFYKIZRORY77OZXEHKT7A
1007,AG6CTXNLCNZGQXJTF5RHH7JJ4YVA
1008,AG6ECO7JV5IUUMDP4FLD7VU3HJSA
1009,AG6ED6K2AQROQVCDRVNHQYQY6CFQ
1010,AG6GK7VC4KLM3FZY2LCXRMTOBDTQ
1011,AG6HW33PLMVHONYJLSA6IP244TUQ
1012,AG6MOQCLWOEEHOHCFJNBHBSRXWOA
1013,AG6MSCPOBFETHBCUGWL7BYJCGAHA
1014,AG73BVBKUOH22USSFJA5ZWL7AKXA
1015,AG73X2ADMKZ4EUUT4FKLRECX264Q
1016,AG754BTD2SMIZ4KNSTGH3DRNTKHQ
1017,AG77HOERUUW7YFIHI5Q6HEQYW2LA
1018,AG7ANFA63UFTXNBSPMQI7ENM6G3A
1019,AG7CE4V5SM5SBMODZZHDCJCYT22A
1020,AG7HGQLMATN53V6WWFIHWTLTO73Q
1021,AG7HPPW563JS2IXS5TIN5TMLBRNQ
1022,AG7JCEMC64AM7JPATDVGP6YZOTXA
1023,AG7PZ2PX5RJBIQYTFNIRY5QOWSOA
1024,AG7WXYJR3N3IOL7NX6QUZJUPBVDA
1025,AGA2UFRSB7YZ6KM5HCW6ZVJWUMMA
1026,AGA4ZROJLSQMSIRXATGSO7LJPIKQ
1027,AGA5ERKYNHM6AHCZ2UTS5XZLU5QA
1028,AGAATCZ7RWOGCVD3BJPCUIC6YAFQ
1029,AGAATZLHM55WYIT4O5EI4HSN2OVQ
1030,AGACE522X4536OOBGDDDL5T3RS7Q
1031,AGACEX33HSRECMFQZ6L5HJKX43VQ
1032,AGALFNKHKJZFVPIQVR4AJAIYQYMA
1033,AGAM2CCKV52HI4YZU7ASZTSXA7YQ
1034,AGAPSQYV3OVCZELHWQHJEPZVBOJQ
1035,AGAURGGJTZ3GUDCX47YVL7DVN2FA
1036,AGAV7IY4HWGYRUIAGUZRXYUJ22DA
1037,AGAVFN7CIWVLIDLJSMFNLJWNEDUQ
1038,AGAW4KKZ3OSRKEAPIVEAIE62PEYQ
1039,AGAYPGD43LXOE2U6HGFJ4CJTC3JA
1040,AGB3TRSDD32PX4HM7ZYL3I5BFPOA
1041,AGB3YZIRHOSAZGQF3NRHKQJWWQTA
1042,AGBBHRX67FOJ22LD5JODJTMHMS7Q
1043,AGBG3KK74IKWJNQVMQAGVBWJ7FAQ
1044,AGBRNL6WPUSY3N7R6OO26APLC2AQ
1045,AGBTGPIYSPTLR5ZFAMF2IMQDIA2A
1046,AGBZTDO6WLH4VW2YCOC7CKGJQNJA
1047,AGC4LM7T2QQKHJ3ZFSMUDKDXM6SQ
1048,AGC53O7RALXG47GYL2PXLIIR3ZOA
1049,AGC5KBHPA4YPT2LRTDMUYLACZKGQ
1050,AGCAD6P7TTC3OS5V3TGPFS2QYCNA
1051,AGCBPW3DRTZO4WDHFW2BIN5YPVMA
1052,AGCBWV27WOKZYBRGF22AVJXKNMCA
1053,AGCE5KX3LQVANJCJDS5N34P3ECLA
1054,AGCGQWDEGSGIIT7AZZ7RGY5ZU74Q
1055,AGCKRKMHG6NJYHW4B3PGZBURQJZA
1056,AGCKW6C4ZYOH7UNUALIAUB7THNIA
1057,AGCOX4QVXH5UU6PTPK3GSCHGQSOA
1058,AGCSHYPXXTY5BUYD2JAVVJWVFX3Q
1059,AGCV6N4LVTEQVYSE3LXR3J2QB3EA
1060,AGCWSDXWRNWVOCMYPXWIYONSSA3A
1061,AGD23CYV3WKGXUGGQ4VNFNZHTK2Q
1062,AGD25H7BIT2JUXSIOPYCYB23J3ZQ
1063,AGD3WE6VAWDOBMVDUHA7WCTF4SQQ
1064,AGD6P7Z3CUXBAOXCVJNYYALG5SBA
1065,AGDAJ3SNC7NJS2KFL4V3G65FDYVQ
1066,AGDJ4U4GGIQ6AJLIBE6RSDPL2VYA
1067,AGDLEHZ3M66YRSSMMFN2FC2TDWPA
1068,AGDLQLN76BSCUR4IFDX4NA2XEAOA
1069,AGDSEYGSA5K664EUHWKV3ARDXO2Q
1070,AGDYFDP4Q23S6M3U2W3QS5KBDROQ
1071,AGDZX36NAYW7KTY47JQKBLTSLKDQ
1072,AGE3JQYTMBQARXIVWFQG62YSHOSQ
1073,AGE46GLW2EVOXECDDSYE4VSYJCYQ
1074,AGE522R3Q7EE2UQ5VLYH4CT4VBBQ
1075,AGEA4IFZZTLEBGYXV25E7ITOB6JA
1076,AGEDZIVYRVEGSXDX4WT6HD5W4XVQ
1077,AGEG5UCY42IYI2H4J5X5XNDZPENA
1078,AGEJSU4B3REFAWZX4OB2CTRVIHMA
1079,AGEOZXPAYILCESAOSE2D3MWKWYLA
1080,AGEQI5OZD7JWXVRRGXBO5ZRN6IUQ
1081,AGERFIKT3DSB3ZIO27JV2DZOBMHQ
1082,AGEUFBFNJX4MKEWGBMYARRHJKW6A
1083,AGF2EHUOZDRABFXWPUUDHR664JUQ
1084,AGF5AN3BVD7F3TEFFN744TXEYZBA
1085,AGF5XJ5LLQBT3Z475UPTZPBAJU4Q
1086,AGF6TCJ5DIUYHXKWWLFKAY2HUIXQ
1087,AGFADHOZ6V2OIJQ4LBLHSFQMOECQ
1088,AGFCNWIVLDQXOKXK3AYC3NKV5TLQ
1089,AGFEEXVOGUEB7DBHFCYZPW6QQ74A
1090,AGFITSRY2XD4C25USUA6677FCUZQ
1091,AGFLDIUYV2PKF5Q7IEMULR52GW2Q
1092,AGFTBBKYGPB5TRUA5CIBHIOAZJTA
1093,AGFTTJHW3JROK22D5O7AJIWHUGUA
1094,AGFVNGZJ4XEFX2ULJNDCWJYRHQVA
1095,AGFW46RRKAK63GZ73CPNHBIOFVZA
1096,AGFWZRYSLVTAGUAKD62NMFVIOF4A
1097,AGFXY5HVXFJFJ2SJDGZL5YLGR6RA
1098,AGG23DJQR45ISPJHFYWXOWHVLD6A
1099,AGG67XWA2SLWFR7NGKWO6Y36JPGQ
1100,AGGAEZZTJZWEGLEMKXW5NTNXH7VQ
1101,AGGB2CN6UBZ2KBMOV3NLNDMYT2SQ
1102,AGGBDIRIMCGGYSPNMA5RIGICN6RQ
1103,AGGD5QJ2BJIAEEAP5AZ3YDK3HRFQ
1104,AGGG7U4FTA32JYSXSTCKGFIHQERA
1105,AGGGBF7FEJY3TDMFYZCFRTEHRXCQ
1106,AGGGW5NUAGTHRMYFEMPMVF5B7DKQ
1107,AGGJMO27C4BJYKFQNIWBE765KYUQ
1108,AGGNEZJKG35QXGBIZADSSC2QNPGA
1109,AGGNZZ3D6VYJGARBI7HUMLX3VSYQ
1110,AGGPA7T4SU5QCXW7WKICBZZ42XCA
1111,AGGQGXSGHQZIRMUUBSPGLPK4CIHA
1112,AGGTUW6XDSFVASZU2I7A7VIVTSJA
1113,AGGUIADBPTWKXHFTLIHA4XAWO55Q
1114,AGGWUSA2LQBND2XTA7A4CTIAX65A
1115,AGGZO6XYZZSHQZU52EEMDO53ZYAQ
1116,AGH2BA6TQ43WVJL2HXW53TOBIWPA
1117,AGHAGIX4CAVFNGVUVJSYKXY47D7A
1118,AGHBOC7PACBWQEAVXM4KUMRBLKKA
1119,AGHEMI3XQMLO3VD4WNHHPDB43IAQ
1120,AGHET4MAE3F7DIQ65T33OVIS4HPA
1121,AGHETJ7PN7P2EEPPQZHFVHGV7TAA
1122,AGHFNHI6RPX2W4KN352O6IWT63XQ
1123,AGHI3LCWC5DN2CQ23F4OHFCCO5EQ
1124,AGHKKGFZAJLQC7AR33Y23GN3I2RQ
1125,AGHNXLQLVIBZ4654EZ7N4N2JSKDA
1126,AGHR7ENX5TSKBQBGOWLDYXYHW22A
1127,AGHRNRTPFETCA7P2E3JGRYTPSWHQ
1128,AGHTQHHQOWQ2FXAA6CS756ZNSLDQ
1129,AGHXPLPZBNALXNRDGIRXIZ5GCBKA
1130,AGI7DYBUKNF2PNLWEMHSSXXVCZRA
1131,AGIA3ZNA7OJDRHNPWVATX5FDCEHQ
1132,AGICRTCGY2BGLU44SWFWLRW6O74Q
1133,AGIFZG4G73RCZZEZGXE72QIKUG3Q
1134,AGIHRXQF7IBDAQ4BNDQFV7AIDZHQ
1135,AGIMVE72CIYAESR2UUEWM2FL47RA
1136,AGINLVZCQUQKBFJRV4LX2VJZFQMA
1137,AGIPLW2O4RGYVM3ONV4DKAPCDHWQ
1138,AGIQ6I5YI47QEFRSMQCQQPBJOQJA
1139,AGIS3QL3LUEQWKF3YKHLLWDD5BJA
1140,AGITOH57MJ5DBT26H3MBID3U7OGQ
1141,AGITTYOOK5P4D5IDMZCNPRIBOQWA
1142,AGIUTASQIZG4S2PUDUGAG7HQG3BQ
1143,AGIUXP4GGYMPNNYMOIXIE5GWRZHQ
1144,AGIUZ7UMXWBWS7Y265VO3SRU3BLA
1145,AGJCJFETFISH57PN5NKROF7KHZBQ
1146,AGJE5H2HHMZUTTCN2YGZBLKS3QGA
1147,AGJGTWLMARHIMBA32KHOSJP3JAIQ
1148,AGJMUGA3ZLDJXI7HMYAZXXISE3UQ
1149,AGJMX4GPFO57UHJC5FDA4N35XPJQ
1150,AGJOJRNKLB7LQXR472QXWCW75VYA
1151,AGJQA5BH774OYH3IDSNNTITYABRQ
1152,AGJQMNQSZ65NFIM3ZOABLRYZKVVA
1153,AGJS5RN6QYCYPGH42JZGQFFOSXKQ
1154,AGJUM2ZLGNU2TCCONZ4YO35XLXJQ
1155,AGJWAZESYDYURVDSAMHKVAM2IBWQ
1156,AGJXJJ4VS6L5W2JF4NB3YXOL4SIQ
1157,AGJYUJSNRXDWNJ32OJ5UHKJK4UQA
1158,AGK6PFMK7GHEQWAHQQLE4F2V623A
1159,AGK6WBB4NS3NWCQQL7KQVU7XVLMA
1160,AGK7OPKYWYPCFR52AZHDCBWPVCPQ
1161,AGKDZAJZ6LWKTXPFLEFLAIAFFGZA
1162,AGKFAOJX4FPADTOHRIJOBP3JNL3Q
1163,AGKIMI372F5M4DD7F7FBCGA3MUAA
1164,AGKJKAERCOEYNMI2QKO7EEODUJLA
1165,AGKLTVE3GM5ZP3K6J25JVDTOCBJA
1166,AGKMAY5OWUVEHQ5URDM5BOVMLWHA
1167,AGKNRI7ARRUNHAR2VKEHT4L77FIQ
1168,AGKP3APFCY4PBBXOPKJL36R2WH2Q
1169,AGKS54AYUQVY5PG2X2OOFNRZRFYQ
1170,AGKTH7PQFIR267N3ON5OAL6DZRIA
1171,AGKVC3TSM7DTU2FC63M23YBM6JMA
1172,AGKVCTC5JV6GIJKCRCTFKLPTT43A
1173,AGKWGAV2KDTA4MKLVCJ5OEA6KUDA
1174,AGKWGGFXTYCOP7I3ARWGOLWVNOBA
1175,AGL5MDEO4URQ7OZI5X2OSSRBZTDA
1176,AGL7SGT7WNQ2F272UCJGAZIPZHMA
1177,AGLBMLIYQIAF6SIQQETBA4HYKBKA
1178,AGLCYFK2SZYTSYVMHA744ZC6AXBQ
1179,AGLFZ4DTOQZRB7PXEIZZEVUBFF5Q
1180,AGLGCQJ6R7DK2HOZRYGHMQ7D6BTA
1181,AGLGWHP7JIJYICRQPIFWRRAGCQQQ
1182,AGLHRQLAWKWQKEF6VRO2Y3MRS4JQ
1183,AGLIMVXSGKMCYPX2E4IFUM3556LQ
1184,AGLIUT3VWAE7UEZHWVHNLDTBOAEQ
1185,AGLL7CPD56HB3XKAZGNJ5IP27FNQ
1186,AGLLAOO4MTOC5RG6EIUCOSK4XXXA
1187,AGLN2X4BAWI7QG35D7IGYL6MU53Q
1188,AGLNRUYXJMUDILVLKEMZCQKHXV5Q
1189,AGLQET6T4ZX4C4UXTNEMYHIWLFHA
1190,AGLQOEE7OLJCPJ7KIJJZDDYCRM3Q
1191,AGLQQCIS5V6EGUCS5SSNHWZHQM6Q
1192,AGM2IQT4E4RJBGCM5LJRAGVM6MBQ
1193,AGM4CTJZTX4ODUQDZKC5NP6D7U3A
1194,AGM7QZOUXUAKEPGNXQNR6UVFVHPA
1195,AGMCPWZSDHPNE7IHW3SPZ27CTUXQ
1196,AGMCZMRV6MJ5SCCUIEILXUKJ66WA
1197,AGMGA4GDUREGVBRP2HABX3ZPVURA
1198,AGMGJENGFBLDLGUGIJXQ7V4NPVMQ
1199,AGMHJ7LPNZAJVYMOLGJEW4ITU2CQ
1200,AGMITI35DNIHMTUWA6JSEYH43FGQ
1201,AGMJXHDJHOAOGO3M5PRDUOUYPTGQ
1202,AGMLZITUIRQOBQCSCWDGWOASRQGA
1203,AGMNGRXO6I72WA36B4WS5XUTVZSQ
1204,AGMPQUZHVIMLHJLS6MBG533T6EQQ
1205,AGMQHWDDLOPE7SMKU4QUJ5HKKZBA
1206,AGMUZSI5LMZ6LVZET73BJDBMAXXA
1207,AGMV2L5AOZ2D4SKKDNVPIIWAJGFA
1208,AGMVE2CYMQJFOEACUOZJKF2UTYZQ
1209,AGMVHVNOS5PZ2KZASQ67ZDI32K5A
1210,AGMVZOQA2BL3IFNIKW76523RM6ZQ
1211,AGMWACNMAG74AXBF7IJ22IOZSZPA
1212,AGMZO7NPGHYPLCOCLMQEDGKNCHVA
1213,AGN5KJZU3FYSKVWXWM66LXYWL5CQ
1214,AGN6ABLWIJ2SNFLKI3UWHYNTCFQQ
1215,AGNC5DUVR2IIQ3D5N45MXK2B5RGA
1216,AGNHWBEPZXESX2V3364N7J5RJLKQ
1217,AGNK76DYP5FQ3DKFDWGENTO5KJEA_1
1218,AGNLFA73YYU76XYJVGB7YVAK6FDQ
1219,AGNLPA354S3FXAGZ3FQP37X2MLZA
1220,AGNMJ2XONBDHFSCNI4NDQWBT365A
1221,AGNMJIU3VXBRQMQG6JJQYPQBI2ZQ
1222,AGNP7WAB6CTY72PMMJZTE2DABPPA
1223,AGNSRGO63U3I3NRRL2VY33PIYZXQ
1224,AGNURT6BJA6DDBXSIIRHPN5AG5CA
1225,AGNVHS4AY4B7UMI67FO3WLRTELPQ
1226,AGNWEIW4G7V56FF4FWHMYIH6W6IQ
1227,AGNWXG327BQ7HFSW6KW3WYOWFSVA
1228,AGNY6NX5I5TIVC34WJCHMYYEEF4Q
1229,AGNZHWFVV3LXH7OARJ6NIUHZ4TTA
1230,AGO6XYOPBWO56LWUSZBRSCCN7D3Q
1231,AGOGEPH5SA4Z655TEIRIQGOXLRJA
1232,AGOGOL42K2ZH35WKFK55FCRVNRIA
1233,AGOKB6QZ7IVIQZ27RYQAF6P7XDBQ
1234,AGOKBDQ6L3BEOOTCIYPFTOXSUM7A
1235,AGOLMT3QETKYNESRYKBA6D7XXS7A
1236,AGOMSSHK6NB4QQJVP5YYAGECPBZA
1237,AGOOSQAJU3MTSHUT7WB7AMCRHTNQ
1238,AGOSALSMFD7EEQQECTDQTTUN44JQ
1239,AGOUDIUDTDOUGHLTTIMIHCK4WM2Q
1240,AGP4UTBYUQBYQT2K4MTSUV3TEI2A
1241,AGP5F6DB4UB5VVZY3JPWGPMB3YCA
1242,AGP6XV24ZFWNMOXGBYNPUDTXPNQA
1243,AGPAN57SKMRXVEN632MUHYRPVVTQ
1244,AGPD5YNSJVDIPHQSDO4CRCM776JA
1245,AGPDTKGINABOBCPODPXZVLIPKUQQ
1246,AGPGFWUIGJUZTOWTD35ZDAZLF3ZQ
1247,AGPGIZM4CBLT3YWOPETR6F7H23IA
1248,AGPGKKL2YS77PLSQBP7NTJFH4ZPQ
1249,AGPLQQKZ3CVEXIGAVAS4EFQCDOEQ
1250,AGPQ5YHWBYDJ7MSCXF3BV7V5MFCQ
1251,AGPROC754D66TQZ7CL3LLGDWF7JQ
1252,AGPUFLWE6HR5PSJAQHVH5VWRHAOA
1253,AGPY4HXLQIFSSXJ4EH6EZZFFEXTA
1254,AGQ3AGHA3TBPHFDO2RFBPNEDJZUQ
1255,AGQ5ERLI2VUZVYLQV5WYJ5TLGVYA
1256,AGQ7IEKV2MJP3TX4SP4KOOO7ZPBA
1257,AGQAMCSGO34LLYJCIYSCYZDUSJFA
1258,AGQBZLDFZEEZ4UXEBMPMD7ETP6GA
1259,AGQDUZAWYDRHO67COGEE2JVK6GCQ
1260,AGQDV7ZQ25DIVX5TWPF54RSC5ACA
1261,AGQHN6KK7TZ2IG2OXG5P57OOG5MA
1262,AGQIAEHZCIQ4F5O6TKP6YJA6V63Q
1263,AGQIUTI7M4XUGCRV6E66FAOCX5PQ
1264,AGQMMG77ARM6J27C6MV7BPGVHSUA
1265,AGQTX4UDTYWQ5LGDRCV5OEOOI7PQ
1266,AGQTZRXBB42KNSIVAPT6MTYFWLPA
1267,AGQUMZ4ZBEQGBUAW2SBXTD7EL6UA
1268,AGQUQBTS4TRRKCGSOHMGN5R3Q3WA
1269,AGQVYRFKX6G5VO65RHQ7UZKGSTKQ
1270,AGQXP5Z5RC7FYGY4TYELGUSYX3RA
1271,AGQXRXHIEUGJU6KNUPNWMXYBRREA
1272,AGR2IUZU74Y24P35UIRHN4D42XNQ
1273,AGR4IHOQC3NKU5H4IE3GKXWDNYJQ
1274,AGR5MF3AYRXHRGU6MPZ2SJWD4IWA
1275,AGRCXV4NM763VGZGD6BQ2VGNCJNA
1276,AGRDUB7FIJN5DDV65AFSDH4MD3QQ
1277,AGRF3CYVY3U2QXL2YGGVFY6PS5TA
1278,AGRKJRPX6I5DQPODOC4YJ7CT4XWA
1279,AGRO3UTLKTF724ZW64QXGWXJ4SYA
1280,AGROTY3KEQXC7OWGNLDMPTDPJXHA
1281,AGRPLHGW2CR6WWOHT5TOWXDGIZEQ
1282,AGRQWTJRILSV32EEITXWN4X4GPKA
1283,AGRSDONJUTMQKB2H5BYG4WLLGGVA
1284,AGRVXBQCAGME2VRQT7ERA5DUFMDA
1285,AGRX7ZI7LBRKIZEEVAJFE56T2UMA
1286,AGRXJWAVWJYP2FKTOYRICGYIZK6Q
1287,AGS4E3RLYCN6MN7TNR54XOHFVIBA
1288,AGS4KJHF5LOOWT2A5TJJFMB24VOA
1289,AGSB3GZUQ2KHUYKTMGRI3A2BE73A
1290,AGSBP6PDFXFYUKE4NB5OP5SCNG2Q
1291,AGSHP5XCHNXWSBAW2DSMT245B4JQ
1292,AGSLJQOUHG4HEY3F6PC2TMUXDETQ
1293,AGSM75HHGVYI263VKMFQMK6GJQ7A
1294,AGSP5RVUQI4GQYROYFSPI4JYKS4Q
1295,AGSP6LSQK32SQEJO3YVVNACPWMSQ
1296,AGSPIUWZ6JJ6N2HKLHGV7VBSN6HA_1
1297,AGSQN7QVGI3VRJO4LX6F5E63QJIA
1298,AGSRVUBMS54OC5NNPYBREZAG6K4A
1299,AGSSF4YIHPCP2MIUITM34RWOCOWA
1300,AGSTQ3JDGW2TZB5XKBF7PD2DJOKQ
1301,AGSU4BF54NFDUP5SOHAAVNKQI67Q
1302,AGSU6JADOKD3YPL4JLI2Z54GYMNA
1303,AGSUFKX6SJMET66OWXWR7UHTALSA
1304,AGSVALPX2COJQTELALMQUBNDS6DA
1305,AGSXWVDGSIIVGBHTFXUHKK6LSCBA
1306,AGSZS7FJEDSL26UPI4GHX3GEJH3Q
1307,AGT3UYNSPWEKNRUD6JYD52IDY7FA
1308,AGT3XMHIBE2RLWI4CCWX4TKGIWAQ
1309,AGT4AIU4JJVW3ZPZPV4S5A6RGOAQ
1310,AGT5MCGUEPS76JCKY7FD7ZZWRNTQ
1311,AGTA3HNXD6IASILGUQ2BL337K5KQ
1312,AGTAO3EEZPVCJMQG2HDA3FC4FPOA
1313,AGTCRMIQ2HKSIOXBG63RZFCJUXUQ
1314,AGTCZU22DLUAQUZCDUDNXY5W2PEQ
1315,AGTD7IKL26LTOZAUHBEV5JEQJHCA
1316,AGTDMNMPOKV72G7GBYWIVDFTRFNA
1317,AGTIYPTL5OVCGAN46OVCBJGRHEOA
1318,AGTJIF5NFQUJV3A5DU6SKZJMS2CQ
1319,AGTJIVZINOJDTRU3JSKUMFDNMGZQ
1320,AGTN5GQAEX76CTWOJCWHTWJQDPEQ
1321,AGTQOBCMPQJSDPCPVQSRF7IMJLFA
1322,AGTSGVFQW57BOUKNGBRJW7JN4FTA
1323,AGTTJBIQPQTSEDMTQHMETGQHQFXA
1324,AGTW6ZGPUAORQ7X6CNBP6PJW7OTA
1325,AGTWBOUF26QX5SJBTBX33O74FKEQ
1326,AGTWJQBE6MVDX43GTCR6BO77MVLQ
1327,AGTXSTWDDI43HMMSY6QUTT4LHLZQ
1328,AGTZMHBBV5FJFOBN4FLTQOKWJLMQ
1329,AGUAX2UCQ67GOBBATGW35PTCTOLQ
1330,AGUB4CJCXBKX474XVOYHZQAPSFVA
1331,AGUBUA3KMQ4AWHEAHIKQQGMBQGFA
1332,AGUD2C3RDQ6OMVKXAWENHHKI2TAQ
1333,AGUDWFY72RE7J7HDJQWVS2PHC5YA
1334,AGUFMAT6HE42URXYLNSZR5XKJ34Q
1335,AGUGP2YK4HJXQQ4TKZVLQ34UH5AQ
1336,AGUGXIJLHKXL2JQWVQ32CCXDBYFA
1337,AGUJICYC2W5XYM3WDGHV7USTJQEA
1338,AGUK4LPIAETENDQQFXCQD2KTOMKA
1339,AGUKR7YSLH7M3MNLWSCBRHKITO2Q
1340,AGUM6ILPUWROHTXCZT3IKC6Y3ZBA
1341,AGUMPIRV2NCYZZM3LE26BUQFIINA
1342,AGUQVQ7XQBJVP55TAOL75OEBZFYQ
1343,AGURLBCYIBBCEQFOHFZ5C2H2C2ZA
1344,AGUUFBKR5HZR2YVICM5NB4T3LD5A
1345,AGUUQFSFA5F2RCIRAAI43P6XTG6Q
1346,AGUWY6FFTB36NIE6GETN5FNRSFQQ
1347,AGV2YW5B3SCKG6WV422CIITZOGRQ
1348,AGV5NQ4JDQD6NHXVF6AVZPVDX66Q
1349,AGV5RMN6RNZS4SMIMAT2NRDRKFPA
1350,AGV7CSJWA6LO4KGFZX6CXTIT5NFQ
1351,AGV7DGE2OXR7GITTENAIXHHBSOFQ
1352,AGVDVF53PM2XILGTVXX3ZV57J2DQ
1353,AGVHA6VHME5JVYWLH6AYBR7FZAFQ
1354,AGVI5ZVJXM2EJOEALYUSROLAJCPA
1355,AGVIH2XXBIIZDXDEQJCUCY42JOOA
1356,AGVMN5S6PHW4QPADW27JXBOO2LUA
1357,AGVNL7ENILADDQY4P7FQDAPLAWWA
1358,AGVNQCF2GD4RYDYJQWD3CFBT3RRA
1359,AGVQDS3VL7L4TVNVITE7AJOANDTA
1360,AGVQJ3WEFVZGPHQS6SRGFX6WDC4Q
1361,AGVTZT3WI64J4O7CKNQBAF53DYHA
1362,AGVX6A6PVKY7LCDP6FIPKZAEEWIQ
1363,AGVXAWOIDIHYLXWMH3LMD5ONFIUQ
1364,AGVXN42IKSKKBNVFGKCMKIZEBNSQ
1365,AGVZL5MSRHWZ74DPTM6PFQYFVTAQ
1366,AGVZUHWLMGORDXBOMPK3Q5BRM3IQ
1367,AGW3YYHIM2WVK2UPQEN2JEFDQLHA
1368,AGW5RTGKZVYINWJK7KO7JCL45QBA
1369,AGW764WMOOEPJ3LM6A67DMZF7WIA
1370,AGW7WEU5IG5DRNRQ7SBRRG4FYEZA
1371,AGWAT4IXUURFKSFWY6AU5XXL7C6A
1372,AGWBACP6GEPR5EDVRN3K542IOTLQ
1373,AGWC7ARCKTNPXJHLU2GGACUAFWXA
1374,AGWCASAE43BTRNL6ZAVJ7MMW73YA
1375,AGWG4ARSJHOVM22SZOA2NDT6GDGQ_1
1376,AGWG4ARSJHOVM22SZOA2NDT6GDGQ_2
1377,AGWMXM5MJ4LC7GSTA36WW3FZ3PLQ
1378,AGWNKFN7K3MMGMN7Q6Q4RRUDIJLA
1379,AGWPOCTWQHS3IQGJVAZB45IXUG7A
1380,AGWS3FIQGMIXSP4MV3SCMSLQFTXQ
1381,AGWXHH2DQWVMVZA3GHAFJQ7ROGQA
1382,AGWZJHRKWPK54VNGG7NBV45BAEOA
1383,AGX2BLPXZFWIQRN4JADQKLAFZFEA
1384,AGX2Z5MHU534F6QN446JLSQKZ4VQ
1385,AGX3DAGBMKMUCBOKITZ22ZS67UEA
1386,AGX4ZYRPS2HT5424JXNTAKLKJHPA
1387,AGX6HFW2RXN6YRS7U4D2ZKX3KGJA
1388,AGXFUD3VAIYAESCQTXTM2GC2MD5Q
1389,AGXHFUENM3G65MN4BGET2DNU4IAQ
1390,AGXIO2ESJCP5DT4FD3UXIN2OFEHQ
1391,AGXMWJK3YL4SV5FJ27JEJZPZHRBA
1392,AGXNRTP6CBE2BR2IMQX7ZMSH2JJA
1393,AGXP5UGGLKP4JBOHTQLLLXYOSFAA
1394,AGXP7IV3E3T4BGVU5BD5ZWW7RIRQ
1395,AGXPPJ5MRXQFH3V4NDAX5FFKVRRA
1396,AGXWFXZEKUAZLTHSLLY4JFFVQPRA
1397,AGXWJE3CJTSVH2NYLX3BUL5KPEMA
1398,AGXY65KBB7VEXRKE5KT2JWNXS7YA
1399,AGXYXRWOVNKR7GL3F5AMLRKY4GZA
1400,AGY2GMCZS6DYSS7T3F7DKV4CGPCA
1401,AGY75SWGWXGSGEJKSC2YESD7QBGA
1402,AGY7PDUPDOBHL7L66B2XHIN4QUBQ
1403,AGYDTSYI336XNXM6B74B6WK6MIBA
1404,AGYE2PVJGHE2FVHA2QEIKYISRYVA
1405,AGYGIBCBSK2ADFVQLGCBDFJYLTMQ
1406,AGYNSON76GT77CALAB2ZU5ZUVUSQ
1407,AGYO7XP7YGN5MVWQT2B254GWJD2Q
1408,AGYOCY62AWYKDIIWW2UAHY6CVX3Q
1409,AGYRMITUSD6IEQMJDPHYMA7CJI2Q
1410,AGYSABJOPUEUZQ4XODJZNBNVVHTQ
1411,AGYTTRFCDOYMH5DEE5XM5JBUYU2A
1412,AGYVC7KVHP2AWM7BDCEYNHFA6F3Q
1413,AGYVWNRNQBFZCJ5DCLXPA6VJOQJA
1414,AGYXV6YKF7Z2NTLKDHCYMUCYQUEA
1415,AGZ3CFW6TSKAQWWWKHQ54J45EAJA
1416,AGZ3P6IOGVJST2TFE5ZS7LCCLHIQ
1417,AGZ4QGEQW4RJ2CRHY3HILGLQC2FA
1418,AGZ4V6A4SVHZS3X47JBKTCOZ2P6A
1419,AGZ4VNFFF2GLV7FOTHZO4JSELBAQ
1420,AGZ55GQCQRRKISAPCEHYHWNG7GZQ
1421,AGZAWZG5TT44IEUVNODCYX5BKC5Q
1422,AGZJVLXJ5XW6TDPRQBWHZVNDHAJA
1423,AGZMKHWSCB3UXDGFUPFRZSL4EAWQ
1424,AGZNFPWTNUQERWKAISJ7URZYMKUQ
1425,AGZNQYNYTWLN3EOYZWCG6ZP35I6Q
1426,AGZPPUCJFQC2Y2IJO6R6MZPTPANA
1427,AGZQI5FDTQRKWJ7EOUDA26W3O3PA
1428,AGZRU4HKFVXACZO4AOGCFGD5XTMA
1429,AGZSDSHEGWQOJZAJRXGXXV4FULIA
1430,AGZUJTI7A3JFKB4FP5JOH6NVAJIQ_1
1431,AGZWDZ2HIYNCQKABGRTFTIBQIMJA
1432,AGZYNKTWTUPP4ZLJ77LH7TFL6Y5A
1433,AGZZPYOEROYC4W3XTARWC7RJKMKA
1434,AGZZXSMMS4WRHHJRBUJZI4FZDHKQ
1435,AGZZYWBH3LRVMDBBP7X33KGKM5PA
1436,AH22T3CS5LNYKXM3NRFBEW2GIPOQ
1437,AH2BEVSOAX3LFVCKSAF4PKYHUFMA
1438,AH2C2OAE2Q2GOAMSCXS3QV6S52MQ
1439,AH2DVLEEOTXVO7BW7AF2M2I3ZDHQ
1440,AH2GI5KLJT2AKVCYXV2OIIGGLT4Q_1
1441,AH2GRESOGJFK2EFMRVHTP4ZQYIQA
1442,AH2JDEWIYNV5GQCLZBZQ5DPMD4CQ
1443,AH2KQVGPXDJZEG2BTSLBAOWUZARQ
1444,AH2LM737GAJKL6A7TAFYS5QKPYJA
1445,AH2LTMRG3MQNGRZYPPCOJF4KPS3A
1446,AH2OUMWYCD6DPBQNCFCAHT36DGHA
1447,AH2P3PQIKHZ5NDPKXTNIMFTIHGBQ
1448,AH2RP3F6O7WJY2C7RDK7RGZZYOEQ
1449,AH2SREFJS6ODDAWJ6M2Y2OPJXAXA
1450,AH2XKIFBA76ZIY5FQSIZ7KJ6WXFA
1451,AH2XZBSDLT2QDYEFM5MQQPWDQDAA
1452,AH2ZMKCYA7JM6MICGHBQCJVA7SCQ
1453,AH324CGW4KSYTBMIO2RK2XY3UYAA
1454,AH36N5HJJQCBDAURJUTFAIB4GRFA
1455,AH37PMZUFFA52Z3KSD4KLUPJTJGA_1
1456,AH3BXW7KLIS2VAE56UXJS2NS7I5A
1457,AH3CFCA2K2EOIJFV6A6ZOUYQC2EQ
1458,AH3EUVD2L7FA5OSQGCSTFKSDLAYA
1459,AH3HTKA2SAQRULKQUCC22YYYM5PQ
1460,AH3I4WHEPBDECWMA4RI2SSXM7PEA
1461,AH3ODUOFNNVKUICPVY6X7UK5IWYQ
1462,AH3SDOU4FVKHKEKHTRUSHS6KWMYQ
1463,AH3T7SU7USHPJ26STB3EGNFTDPSA
1464,AH3VD66OWSL5MGDBO2LOAYJILTBQ
1465,AH3X7EDCSVQ6DHWG7LYILSQ3ZPSA
1466,AH3YVMHCNKZTKBVGMF5EC6RVGEHQ
1467,AH3Z5ZKHHS6PXPAX4ZXUGVTT7S2A
1468,AH3Z7RPOSSZIVIYTBKW5Y2VIAQ3Q
1469,AH47YY6BVWP6OMXGR7Q4BOPUYIFA
1470,AH4BULFCJCZZKDXXBEEN4BUYO7LA
1471,AH4BVICWK6VTPL73JVTJKPBKDQKQ
1472,AH4LJLNY4TCN7IWODAQHQVOKRNZQ
1473,AH4ORMYRUANUP45LQFPKZ36LQHSQ
1474,AH4TDMQHUBY3D4BX2QO3SRHEIGQA
1475,AH5227536AGF7R5MMQLFWRPENBCQ
1476,AH5445OVGUT2QDLYK76JYAXQFXYQ
1477,AH5BEMAKZE5RJ3JSHUYOJ7S2WKBA
1478,AH5BYMGDYEFKWBNJABZQ4RIND5PA
1479,AH5DLRT53GUF654APBPQDBSTSD6Q
1480,AH5EBHDQK27GFK7D6UX3YJW7ZGVA
1481,AH5FW7M2BQPB6RWLSHB2Q75PSQRQ
1482,AH5G2TAPK2UV676EDUGCL6O2LXDQ
1483,AH5H2C6MJFFZDB56IOJVLBF74XJA
1484,AH5HSMUMRJRDWBPFDQ6G3EAAOSFQ
1485,AH5I7SUPXIR2LN7U5HUNF5WTATVQ
1486,AH5JSRZB2HYH2Z5Y463MQB4JS6UA
1487,AH5L47LEZCCHHU3QUODV7PXCM4LA
1488,AH5M56UWJNMMI3EBKUQPALNQG4ZQ
1489,AH5ONINJRNZ674DXUMV4RMYIFYVQ
1490,AH5OTJDIHBG4SYLRYWKS7MR7NWUQ
1491,AH5PGJYVXBFVRXAFSTA7AEH4EXRQ
1492,AH5PHV2W77ZHPZXXBXAJPYENLVHA
1493,AH5QIHTMO2GHKGTADH3OVP4C64TA
1494,AH5QXFJMHWDY4JTLDXHX7D7CP4UQ
1495,AH5T7P2MYDG5HC6DNCUH6KL6PVBQ
1496,AH5XZOS67FPLGO44AVSZZY6L6OWA
1497,AH636XJ2JZZMW4KUISGFDCGKCFZQ
1498,AH63IV5SJRWLVRXCQC43LP7IQONA
1499,AH63QIRMMR2SBDL53TFJRQCXKYSA
1500,AH63YMQRTZ7YNV6Z7PYZEZ4YQ5SA
1501,AH64T7IVBC4PETT6WUOXD72EWWJA
1502,AH65J4QJTJGMTAIOUDUUQHCCHZCQ
1503,AH65RL4RKKWBVWZYQ4ONJHPI42SA
1504,AH665SQ6SQF6DXAGYIQFCX76LALA
1505,AH6HP3ENV3ZBJ3VJGRYW3KSNWVUQ
1506,AH6IED5LAS4JSYJ7K6UAXGQJD4XA
1507,AH6KO27SVNC6KLJRNJ7JEBJJAIZQ
1508,AH6LIKSRV6MC5RXME256HRKPIM7Q
1509,AH6VAKMIMWOM7ZUY2F7RFDBYA3YA
1510,AH6XRBSADWKJ5DLMXZ54NYMH33OQ
1511,AH74XLC3QBXVC6UCOAQOJH3WJYGA
1512,AH75DRT2CGT52C3D4IKVBVPXYSQA
1513,AH76VDAMXYRXEUGRFPK5NYHGQEPA
1514,AH7HC37MMHL3EHFTDMLC7XANAWDQ
1515,AH7JSA2VESDESKVXJGTVY46E6LQQ
1516,AH7JZZOLZRED6D6YG26H664NQOJA
1517,AH7KS4RUQBUDQ2QLBXYAWXHZ4YLQ
1518,AH7LDXK3GT67FZKMRW7MP477DJVQ
1519,AH7OFO7WCRMTNIVW4KBN5TZ54U7Q
1520,AH7UPA5VQBEALHCQUDXQOPWKLLNQ
1521,AH7YPL7XK7EBWVGWS53JVDASNMPA
1522,AH7ZHIIHLTW6SQQXSG4EHYYWTAAQ
1523,AHA3VZ6QQOCEA7S76NLB6G7TTFMQ
1524,AHA4WLACT7C3SVVPNUZGGQNIQ3HQ
1525,AHA6NYC6QHOU7G37PNF5EBIOUBWQ
1526,AHALZ7AKVAVL7QEVBCI55JVLGXOQ
1527,AHAMPNC4WS52MNJCUNEBYIMRZQKQ
1528,AHAMQGEEIU55ZZHG5QVUPXNFSITA
1529,AHAOL5P27IYGX3W5WM37ROVIJJLA
1530,AHAOQF4GI37BWXQSFV3GGG3NFVNQ
1531,AHAPOS2DMGEQZFQKVUNESAPPUE4A
1532,AHAPTDMIMPQ3XZU3WGVHF6DN7RDQ
1533,AHATA6X6MYTC3VNBFJ3WIYVK257A
1534,AHAWTN52WDNVMB44ZQGA5RZP32EQ
1535,AHAZ6FK5YIIXAKBNFS656UUGUUYQ
1536,AHB22QMY4SFCFC43B52HV5JTZYRA
1537,AHB3F3OKFUBUMX3SCQO6K5BS25KA
1538,AHB4OAE43PI3FVRLEKYC7RFTMPMQ
1539,AHBDEJLY6BZKAMSANYMVI2VYN3UA
1540,AHBDPVXHGNIRMIGLCRCABCOLFJTA
1541,AHBF5U7OGHUN4J2DTLWWSMRYO6CA
1542,AHBFC446AIQBMLC3U4SV6YJJERPQ
1543,AHBKITUGFZBLZKUXJ4O3RYRPMCCQ
1544,AHBWAVRW22FT4GAN2VTWYNAEQFHQ
1545,AHBWH2LBU3NFLD46GKJKIBAHKXEQ
1546,AHBXTSYI3ZKDKTL7IRBFGNSNR5YQ
1547,AHBXZHG7DTKJCR5NLY73MPGTYCLA
1548,AHC3TUBOSPVWEBUQSWLKPRL3GKEQ
1549,AHC4NS2FA5Q6SDVKCXSPEIPRB4GQ
1550,AHC63UMYRQJXQS2ETRPCSP2XEZLQ
1551,AHC6VZ7WPGW5W7HVHVZP3HPG4AEQ
1552,AHC6X7NTYM3C36TZF7C3K3Q7HDEA
1553,AHC6XH74NTACSUZ4N7QJB32NHYLA
1554,AHCBHETWEWAL5ZJTZHD4GA36CU3A
1555,AHCEDKGE26XM7BF3R6FST5FH6K4A
1556,AHCGC2ZT55AHXO4YDMYTMZ4HQJ4A
1557,AHCMQ3QI7EO36INOBY7WU5S22UUA
1558,AHCOOS4PEYHYLNIZ4NOXDKIGOLCA
1559,AHCOV6ID7GFK6ABVU35ZNEJAXT6A
1560,AHCPAW5AFV4N5POK2GIDI2UMNHUA
1561,AHCPOSCQO5AEL6MKO5YJXBEQSCZA
1562,AHCR53CDYDQAS6C5TZXQWB4PWTCQ
1563,AHCRCBG3L7SZB5GU4VMFUFEJH5TQ
1564,AHCSOINU2KOXVBOAXKZHGSXZAEFA
1565,AHCUVOTDYDC2WI4OMFCDDFGX3K4A
1566,AHCV3MQVSPWX3EEDXSMZ76V5PEZA
1567,AHCVXW34PSE7UFCJZ3YSYRUZUIJQ
1568,AHCX7GPLZ4J3M6B7CB3LWF2HXEPQ
1569,AHCXZZ6R4US43PBVXXVN47OTTVHQ
1570,AHD3NGMLEO26ICLLAF72W7ELLUNA
1571,AHD5Y4CJDOW542XFOHZC3CD7FG3Q
1572,AHD6DZRQYD4QTAST4U2TBUZPJNGA
1573,AHDAKRXBSMTTWIQO6B5H3G45KXSQ
1574,AHDBKXE2CCX47NN6EHZGSB44N23Q
1575,AHDIYXW66WC5QKHUDS3OM2M62VHA
1576,AHDKI54EKMC5WWOKLYGINJYHFGOA
1577,AHDKX4M4NYU56VCWPTD46C4OX2ZQ
1578,AHDVSLWHSORYGG3S5QZMVDFNOXUQ
1579,AHDY5AR2HZ2ERNZYAHL4XNP6F4JQ
1580,AHE2MZKK5XAMY4DWWF4E22PJZM4A
1581,AHE7A3FWMLRUJBPRCTZKKW6R4XTQ
1582,AHEDAZE2FEUYQVIXOMVVE3NYQAQQ
1583,AHEDE7TWXULNEBA6SZXBF57SBQ2A
1584,AHEJ3XUFNOAAZW6HMVN7A7ZTXOWA
1585,AHELWKOFJ4TE5VHQWPJ6Q6RU2XAA
1586,AHEMJ62SUJPUYNWGROPI6MUAYQ5A
1587,AHEO3THFZORAYZLLEZSMPHHVE3GA
1588,AHEOR2U3XYPBK25TTPFR5LFVOCJA
1589,AHEUMWR4TGXDWU4UEYBD5D6P6E4A
1590,AHEV6DNGWTHUI4CHY4NQ7XI7CR2Q
1591,AHEVUH6ZM4522ZYH7TUABPSYV5SA
1592,AHEZKYETH4DLYBFQNVQ6VFDGJGGQ
1593,AHF2MTOS7DAWAPVIKAVYEKGAIY2Q
1594,AHF3D2NFTK4BQMN4NDLWLCVJ5J2Q
1595,AHFAVTVOL2KUU4PRARH7ZJQOR75Q
1596,AHFEC6UBWA365OZERIQVGHIU6AQA
1597,AHFEJ43QFE5M7F6HIK2FEXHTAIUQ
1598,AHFFQNCACJZKUEFB7L5FKKQZLMZA
1599,AHFGZBSD74KCMJIM6JH6IRNLHRVA
1600,AHFJKUMPO25WRQMJCPQUI2FEUGMQ
1601,AHFJNR7LNMNXUGPCKDUFXAYJVEIA
1602,AHFPVGL26UHM7BPIWX55G44DOTMQ
1603,AHFSAU3J6SP7M4OJWYUR2XUU237Q
1604,AHFSOTS6HYU7AMZVDD3NM6EVU5DQ
1605,AHFUCXXDINEQLJFH6SEYHBH4BY7Q
1606,AHFUIA42ARYAA7ODM3CU57RFUUEA
1607,AHFXADQ6ZTB5AQA2RIFGCSCCFFMQ
1608,AHFZADC3YM6KXAETRMIEVIBK4NAQ
1609,AHFZD3XWI3SMS4OLM5VKJHGVZE5A
1610,AHFZH4JCTRS6353ZEODHPEZD37UA
1611,AHG4N54Y7F3S5CE4NNRHWCQVFKZA
1612,AHG5KKQMMZJA46LDH73IZ4QUHYXA
1613,AHGAQW3Y6QNIX5T2K7YCM4RVNJAA
1614,AHGCYIJQ6PPNWPUDGTFCTNOVRB3Q
1615,AHGG4IHQLLYLLFKUTA7K4HAYMT3Q
1616,AHGHIDMKPJWBAMTMULWAS6QCMGAQ
1617,AHGIDR4IJFS23Q4GTZ33FI5LYDSQ_1
1618,AHGIDR4IJFS23Q4GTZ33FI5LYDSQ_2
1619,AHGJNPPESPF6RUTILPC6DSMODUOA
1620,AHGNH6GBKO6ZVWV2GA7FKBQLLC3Q
1621,AHGO2TTEJQYOBIW6HXBZF7PMZOGA
1622,AHGPQVBKEOBEIZKZJHLYB2Q7QEWA
1623,AHGQDSOBAIVAAKJFIVEGS344MSXA
1624,AHGQLFCQXSKVMLCAWDHSJESFAQRA
1625,AHGRAUICJ5IKUS6366YEIEB3ORXA
1626,AHGT4IFOIQNVSFD5XVY2FQAXSMFQ
1627,AHGYFIZGS5P7EUBPOKB3BC2WOYJA
1628,AHGYZGLLCYQWOUZ5J6DOIWUGDHRQ
1629,AHGZ4ES7TN7IIZEGXGFTNWTM5BCQ
1630,AHH3V37KYRLIB2J4KF5AOTCHZOJQ
1631,AHH53Q3XLBEEPK36DLJ5UDEVZM5Q
1632,AHH5DNG3E2PFLG6CCM3LRU6JLJHA
1633,AHH7DYW535JNEGASCET44RLTKG7A
1634,AHH7LGXGF3II5TXL76OTNIN5LL4A
1635,AHHGSP7QUGY262NWVA7LKFDAYQHQ
1636,AHHQMVOQSY4WOIU5AWA5AEAQPJ6Q
1637,AHHURHNSWVQLEXP5QL5VUGPFH4FA
1638,AHI2C7XIP25YVNCZV43W7EFYNBIA
1639,AHI2Y3QKAKJNNAOP3PX67SUOW3UQ
1640,AHI5QIXSKVQ6TQG6CS3N3APDI6LQ
1641,AHI7S7QA3VQUIAVGOOPGUOZDWEZA
1642,AHICGWRMC4GD7VHLFMKBVARJ6DZA
1643,AHIE7ZMB5EIRC6HHSSSWHBTQI2ZA
1644,AHIILRF3CJGYF3LXJSE4EVAIP7TA
1645,AHIJNSOBU7HH5PDR6HBG4PB5PO7Q
1646,AHIOJEXHJBLQERB7RW755WYQFZ7Q
1647,AHIVGXQ3UEYOHKC54QJOV75SIZCQ
1648,AHIX26MX3FC52T3NSCJUG4NIHZCQ
1649,AHJ3J6Y6FHGE4FYBBNBILVL3XDXA
1650,AHJ5LXYWWWIGTONRRE324QLU6UCA
1651,AHJ5UYB6WIQRWXQJ2B5MUV564TAA
1652,AHJFWYUBFPDRFM3R7V6CFJFD6PDA
1653,AHJH367HGTV7GWPAKJUNVPB5L4LQ
1654,AHJHP23AMKOEAWUC6PO2B5U4XGTQ
1655,AHJJULZKK6DMOG67UY4DLCXZLDGQ
1656,AHJN2BVNVVVBPHM3JMDBMVAFOFCQ
1657,AHJNW3RHHFQUH6I7FECKWHRC44HQ
1658,AHJO4B6FFUJBC5KFU27DM6CXYI3Q
1659,AHJPNFZDSQAACCYT5XMAVO7WAFRQ
1660,AHJQPUQLSQZE6LMIUMY7WNRXCQQQ
1661,AHJT4BJYS66VZYMT3525LKO25CPA
1662,AHJVWP6SDV63BXBEHS6V4FSADH5A
1663,AHJY65G2QEPQSXAPHL4JZOL4BGRQ
1664,AHJZICZVRJWDIAJ7F4KECEIFOH3A
1665,AHK6AK45S537PT4AXOSNV4PNZ4RQ
1666,AHK7KSP2WQ2MJWLHH3I7ZCPDUCAA
1667,AHKADS7LVZVUGZWPOYIDMZMNPJRA
1668,AHKCCX6S55FQL4ZVLFE2LQ4UAOFA
1669,AHKCPOZAKU3FIAFK3JDY3PEKL64Q
1670,AHKFCU7LHDYF3TAP6BTAQZKDLM5Q
1671,AHKGGFWXAEA2DA7RDLFUFLJDZCQQ
1672,AHKMC6HKGYSGHJDP5GW6RWQSTRGQ
1673,AHKOEEKH4SLCLEMAR5YCS4FKMS6A
1674,AHKP37HWNZ4NA3D44Z7O3Z7HOVRA
1675,AHKR4LJTEVLE22QFUX5QISYCFURQ
1676,AHKV4CGJLW64FJL7KY5EGCPB6YRA
1677,AHKWTJPXIASMIMFE6VHJRKHIWSCA
1678,AHKXK3P6EBTION7YYH2WQDWCJZRA
1679,AHL5NDZ4IEYIQJVI2PZ66LORSVHQ
1680,AHL7PLQYTX52ED5SH7IIJ6ZZEKEA
1681,AHLA24J43UD2AKTINUBUWKEDPQHQ
1682,AHLDEEZOIX7J53UMILLY2NXFWSVA
1683,AHLE3CSHDAQ4LFGGY23KFRVWPOQQ
1684,AHLEHUWPPJKFM4F35VO2MAQ25CSQ
1685,AHLERYBJBM4BT7WXZQZUBMYXPT6A
1686,AHLFQID26LNBLVMUE7DUIC4NMS4A
1687,AHLG5OEROOZJVHMD6TNKUKOL6GFA
1688,AHLGI6SN5XGFO67DCQ33SJKYD4CA
1689,AHLN7ER2R3ADS5CS2PQ7ZURJFBFA
1690,AHLPPYOTXQWNNHEUU6UPDCSLRK2A
1691,AHLTZP4LDGB6KC2RN2H2FIX5VJXQ
1692,AHLWTOGUGJBSTUU6ZX6E57NKJOXQ
1693,AHLYMNW2RB46SXOK7YIWDCGXKZTA
1694,AHLZET6JDA4LE5CZFY6AANZ2AQSQ
1695,AHLZOVLICKMMHZ6JVWIBV25KLDRQ
1696,AHLZVZPQ5TWJ6KXNLADJBDZAT7EA
1697,AHM37AU574Q4OWC7HX6ZUWBAZHQA
1698,AHM6CJDGT743FIJBQKAHW6KZVS3A
1699,AHM7MDI5OML7SAQMQXH4MLROIESA
1700,AHMG3ALUBE3FEBHODTBHP5J24YDA
1701,AHMJHRTSQT2WDWYVMVZVOUI2CNUA
1702,AHMN5TNLYDHXZ5PLQBOPM7OH5SMA
1703,AHMNEFNZLG5GYCJOFBKL42JLGJCA
1704,AHMNNDRXNOD3UVPLVQZUCWRRJPCQ
1705,AHMPCSFJ5LKZURMP3LQ3VS5Q4A2Q
1706,AHMR2UFRCPKP55FJM3M4ZG5R2JBQ
1707,AHMSYVI5H2GXDIKMFYR4Q2KRZUDQ
1708,AHMT6UYWOMV2K2H3H3YHGKF6NVMA
1709,AHMUXLPEA5NKXP7IBQZKZBJTQDAQ
1710,AHMVBEIHQPWRWUTTCLRPSTYD2LOA
1711,AHMWAE2HRNT2NDNV7JV24HTZ642A
1712,AHN2VEVX5LQEROU7HVHBUQHOKF6A
1713,AHN423WPL5X73V5B4ZLWISHR3ZFQ
1714,AHNBIFPKUZVMEB2BR5UDP3WNRVWQ
1715,AHNEGV3VKHUGFRI7QUGN6JHGF5VQ
1716,AHNGXSJ44HVTEJAF4G6XHN4MJA7Q
1717,AHNJIWZ5IQMO76BCEFZWLHWXDLUA
1718,AHNKNOVH3PB5QQDHZJCTMCSYYYHA
1719,AHNM4E73H4D34EBAJK2ULZ5I662Q
1720,AHNMCGAIMERS2XC3DL6DYMIXRZLQ
1721,AHNOLYBLALRNIXOPK7GQDXK2SNOQ
1722,AHNRFH7WY6X7Z3B6Q47JSCYKXYNA
1723,AHNS4IA3FTAYFENRMTJJ2XAKO7JQ
1724,AHNSZCP3JIOZZVYXFJRGQEKRSTFA
1725,AHNWN3DXE2WW3WAQDGMWC7JBZZCQ
1726,AHNYQ2V7BA5V4N4AMQV4MO25KKKQ
1727,AHO3FZVUQ7AMNULANQB2WJORJMUA
1728,AHO5RH4JOSLWEAM5GPYEHJUNFI6Q
1729,AHO7CJSLW22GMWPFB35V3L4OFUYQ
1730,AHO7RTPMP7FLDFOXDLM2LCBJSUQQ
1731,AHOC5ATAOQE3WWBT35R3JGMOUH7A
1732,AHOEMNCGNZJMIS5RHBTTKMDDQU3A
1733,AHOGARX7GD4QLFJYQO34KU5I74QQ
1734,AHOHLNMGSXJLXSG7BSIJDLQLMQAQ
1735,AHOHXQZCEU3KDM3TPKZRNCJ3ITVA_1
1736,AHOHXQZCEU3KDM3TPKZRNCJ3ITVA_2_1
1737,AHOPNIYCRLANF7V4ZNO3YVJDYMQA
1738,AHOREKKKFZ7OH6PGC3PH6OVY7GCQ
1739,AHOWVWMPAOG4GHBA442RB2ZQGJLA
1740,AHOXR6TBMPIOCCFIYJKMXM3LCNJA
1741,AHP2JYSU4PLKFPRFK6LQGYX23CPQ
1742,AHPAXGZTH4KAGQHOWQ4SGU4BN23Q
1743,AHPEVLBODEXAKE7QL64GBTDZWGSA
1744,AHPG65LKS3QKRWDUWAKZNLEK5RZQ
1745,AHPG65LKS3QKRWDUWAKZNLEK5RZQ_1
1746,AHPG65LKS3QKRWDUWAKZNLEK5RZQ_2
1747,AHPGHDFIU3BUB3RQBP56RQQA7W4Q
1748,AHPGHTA44TE3WUOWY5ANWM37VRCA
1749,AHPJIEFGVBZDFMOPWMBZPKGGNWYA
1750,AHPK7X36TGPQBEJPWYAIVQQIJHRQ
1751,AHPOHKN4PU4W3V5PGFL7AGTAD2AA
1752,AHPPCJH3IOK2TUHAHUMO5G5SHS6A
1753,AHPQFIVYXQZH6JMFAXRDI3FUFEZQ
1754,AHPR3DAGWZHHNZW2LBMTXU3PLSLQ
1755,AHPUO27LPXU45LIJDULFRH7ANLQQ
1756,AHPXWM43PQYKLIYRRHRZ7BZWHFYQ
1757,AHPZJBG47R75BEFB4C5E5THYMUAQ
1758,AHPZRG2XGP43VGQZYDUZFMBODQTQ
1759,AHQ2FUKL3LK7EPRG2PBVOTZYYPMQ
1760,AHQ3A7C7LS3XCWD2UZPLHP24R6LA
1761,AHQ3KVRVRD62GDZNDQEQB6MPULOQ
1762,AHQ5BCBPDVPYKSYZKDGQILZGV7BA
1763,AHQ5NFA4F43ASHPSQHBTLUGST66Q
1764,AHQ636JWMFQ2Q6DO52PJ3U5M2CVA
1765,AHQGO4G3VODTHLG6H2BXGOUW4XOA
1766,AHQJLA3NPFFP5V3LA2P5EZVLSCBA
1767,AHQKQ33RGCDKLAHS2GWL3RDJDWOA
1768,AHQLMS4WC67UM7HOQ5LE4YW562XQ
1769,AHQOVPVRBT4RJX6LB66LRNTY2V7A
1770,AHQVITMIN26TSMAICIYRSRAKEQIA
1771,AHQW5ZH6DB23YSFO554WRIJ2TLXQ
1772,AHR3GYTTOOJIVOK3WASNXVAWTONQ
1773,AHR42NUYV3WRJVISPRHU5VKGT5PQ
1774,AHR4EXOWV5XQP7V5CPZGAVAO2VRA
1775,AHR4NVRGPOS6GIJ3O4WQ3D4KUKRA
1776,AHR4X2QIPJX42NRSHZH4BGOFGPXA
1777,AHR6KZCHMKJS4O2DOOKUBFS7FC4Q
1778,AHR7LANCMZMCMLAEFPDBCZBDAYXA
1779,AHRD6KYLZA47WPZA5VIYEQ2ZYUGA
1780,AHRFH6XYBMFHP3W3BFXG5MI43WYQ
1781,AHRIT47JHHKSDJ47S2X3TH25635A
1782,AHRMXCCW6R3OZK5B2FJNCJ5CQKSA
1783,AHRQERYU7ZERE3SJCC5A3X5FQDVQ
1784,AHRUV3HZFPZEPRWEMSYMVBAJXFFQ
1785,AHRVIVPN32SAQKJSL2QWKB7HAPUQ
1786,AHRY4KVU3TLPW6BBUDJQBL2KLWKQ
1787,AHS3CEH3EF4PR3NGSKGKATZ4HYPA
1788,AHS5GMPDMFSC3W5JS4FP33YYVUYQ
1789,AHS5OQLOPMP2YCRIWK3W6WDJ7BLQ
1790,AHSEGNS77TLPYIWMD7JKHV4VPTBA
1791,AHSFHRIWZ25GQ6OWW4O4EAZRKPSA
1792,AHSL6SPJ3F6JQU4TG2UFMHVVQCKA
1793,AHSLRKZNC6JQUN327NZGRFSZDXKA
1794,AHSS3YMNKYS3YHXSAK5NEYAJ4RIA
1795,AHSSDNEMHCJBRRMCLPGASYU2JQLQ
1796,AHSV5AUFONH7QMMUPF7M6FUJRJ6Q_1
1797,AHSV5AUFONH7QMMUPF7M6FUJRJ6Q_2
1798,AHSVWFIAYNEP4XSQKCSMM7GRKBAA
1799,AHSWBX6SE537737QHWJPS5IIEVMQ
1800,AHSXYDM2OLH2JJHSW7XKDLLQARUQ
1801,AHSZJ7T5RW3JFMQMAGIAZSHO65LA
1802,AHT2EOTOVUJTYDLVGOM6A4C5WOFA
1803,AHT3ZP3Q6UGCZWIRVGV2TQOW2CDQ
1804,AHT556AWAYQIXS3RB57QNRQLBARQ
1805,AHT5CUJ2KRJ442O7HTMURJJRFK5Q
1806,AHT6AM6BNIZUHFJB5V2M6XM72G7Q
1807,AHTB5CKO4MLRDSVGCUDRNJ2B62EQ
1808,AHTBZ7ZAGTW4C7TXLJRXFOH55X4Q
1809,AHTECD6QHLTZVBMZZIRR5LEO7JTA
1810,AHTFREWGOWYPAECYS564D5XDWW4A
1811,AHTLWVDXSMG5YMVMEIWWOU6XBZMA
1812,AHTOPAM4UMS6AZRFWMBBXWNYYEVQ
1813,AHTTINHF2FNPBD7KVSMXB5CUCGCA
1814,AHTTJ3DUYNGE53YHQ5JOA6FG4FQA
1815,AHTUAOOGVFL3OMM2BKTTR7JUNSCQ
1816,AHU3PHXO5ROPM42MGBGX2WN6IX6Q
1817,AHU5CEFMHIARA3FUDNNHQJTVKEDA
1818,AHU7IVKCSVYKOAH46S7PSO7DIWYA
1819,AHUAZ5T5JCRRRIQPWXUOW5VVYTPA
1820,AHUEZCVIA7QJPKBHPXZ6QU4UY5LA
1821,AHUH7ZEI5XGSSKONPZS3QCQMWCTA
1822,AHUIIYUMY5OXQWRECL5JEK4AITBA
1823,AHUILQ7J5AMVU5LNZCUI6XNGQPUQ
1824,AHUKK4G6J6OROEHI6XI6DUGOQUGA
1825,AHUOOO3WCQNZA4MQPWHAOEUEQ4YQ
1826,AHUSGJTSWSBCP6YBKEKMXZXM22ZA
1827,AHUXS7EDAJRRT6NXYLMUFZU7N2TA
1828,AHUZIBK7MJN5AM2NV6W3EUCH4LDQ
1829,AHV3UZ4ALNFFY2S7SSMJA6JC3PCQ
1830,AHV5UAHHQYLEXMKLFI4OZ72WUQRQ
1831,AHV6QCNBJNSGLATP56JAWJ3C4G2A
1832,AHVEYFKEXTBCDQKXGNGXIA5B7VXA
1833,AHVGM2J3E6KZW34RWKRYTJLI2P6A
1834,AHVIH6G423LKQOM6BI3DEAS7CVUQ
1835,AHVQBJYAA6FYPVT2HGVJUU4AVCFA
1836,AHVU7CFAN26Q2MXLVQD2VYZPJ2KQ
1837,AHVWXJT7U7PRSM5WZ6MHYPHGRQ7A
1838,AHVYJTCVY4KGNT4XARQBSJNQMWVQ
1839,AHW4D73JF42DZUR55SA7GLH6OLSQ
1840,AHW4RM32F7UDMQ5ETAMLLHIPSZHQ
1841,AHW5KP6SLRBIZVL4WWXPE5APGCRQ
1842,AHW7ETGBKGX6DCG2LBAG5YAXU46A
1843,AHW7P3Q75HIBTPHKMWCKDOOLGINQ
1844,AHWBEA4C3E5ZCVR74AM4ZCR32UHQ
1845,AHWCZ47A7FIYEJ7KEJG3BO3F5YXQ
1846,AHWFAMRETIELDXF3D26JA4SRA3FA
1847,AHWFM25XUZAWY4H2DPHRDKR4VSBA
1848,AHWG4Q2HDORNDJDXW3LUYGQ6UFYA
1849,AHWJ5MC36RMJPMDIFOLBPGZYNAXA
1850,AHWJGIMDAMS4WBLZAGOYMXYDSDLA
1851,AHWLUY4MVKTQKDCZDVQTXWNHN4LQ
1852,AHWMAINY2QSKJBVYDTNANQQBP2NQ
1853,AHWMNQBP4E7AX34UFATAHPWNLROA
1854,AHWOC2YOPOXWKQXSKEXZRQ562ZYQ
1855,AHWOFY4Z6LOLSR4G34TWLUCWV2XA
1856,AHWPW5P33VAUEVZ2IU7J7CKT3XSA
1857,AHWQVLWYMEGODJTTOTNBIPOBPN5Q
1858,AHWRKH3KJGBHIENJYYFSZWNT5GTQ
1859,AHWU5A5QZ7RIBRKWT6CXSBY2XLOQ
1860,AHWWKWZLIRGJAMUOKVJKKUPJK3QQ
1861,AHWWLXC7THQBFCIHL6PGZLRFDFGQ
1862,AHWYSJIMUEIUBSBWKASEA5WOSCGA
1863,AHX2B4DEER2QR3IU3CCNB3CWC6TA
1864,AHX2VMU5UQYI7NLQGGLUBO4NLOZQ
1865,AHX325QNRR25RGJG44MKHYCMTA7Q
1866,AHX42Y3TATT7ODX5TNIFTS3VKAHQ
1867,AHX44ATPRIYVHL6TGP3RZN6XIK3Q
1868,AHXF5ZPHZW4TUV6Z5ZCVZ5IS566Q
1869,AHXL6HSB4XCGSXWTGDHXNFDAMDDA
1870,AHXNCEINHHLAW5HEL6QUU2BCNE2A
1871,AHXNFPM22UFRGBODFEMBWLIUSDIA
1872,AHXSYDLYG75DYQAPGZBRT5OD5FBQ
1873,AHXTB3L4LI7VLMMCSHFQBF3K7MUA
1874,AHXUEI7YVXBPBO4344LB27HSYCHA
1875,AHXUMOATDZGPUDHB4PYF5FSFJBEQ
1876,AHXWUCTMVBQXDVMDFPA3NO43QF2Q
1877,AHY2TURQPNIDXZGH2CMQLZ343YMQ
1878,AHY5BKHNYCTT27MNTN6CD4ERQDVQ
1879,AHYBVRYZF2OCONYWPPHVFP3LOCNA
1880,AHYCDWBFB7A72ZLVJSTXSHNGOQVQ
1881,AHYCWHEN55G5GAMWHMI3UJHQ3T6A
1882,AHYGG6DAYHIO26GVBYLBA2ZGEP2Q
1883,AHYGVK6W353TCQL63AIECYCGBEJQ
1884,AHYMV2WMV5CY4GBQDCKS5QSG7NLQ
1885,AHYOSWORVZFXM5QMRIAW3JTTFFIQ
1886,AHYTWTWJPQGRKMTSRQ3KKEUR7PDQ
1887,AHYV5P4XXTO4MHSHLWBW2UKRKU7A
1888,AHYXVYWDTTCEOTSQWCQIATTHZLMQ
1889,AHZ4AN3C6VXDZO7WLHACREEQYD7Q
1890,AHZ4AZPZTMUQDKPN2QOXSNXK65VQ
1891,AHZA54B36GT2MZ2HRDKH7AWLOQCQ
1892,AHZAAMMH2RSRRTXZWY2COVRJYIUA
1893,AHZERD4COKMQ37QLL57TGJDEUZBQ
1894,AHZGQXTGR3WB6CQR3PP2TB2YPTUA
1895,AHZGQXTGR3WB6CQR3PP2TB2YPTUA_1
1896,AHZGQXTGR3WB6CQR3PP2TB2YPTUA_2
1897,AHZGUAU2CB7EFW4YU6H3JHGV4IIQ
1898,AHZGYTVAQ4ZHSLKPWFMDGZECWJZQ
1899,AHZHTZ2T5WCICU5L7WIDCT2RHS2A
1900,AHZJGFWPHVXZDHRC35ITFDCRTY2Q
1901,AHZL52WBOKMWNPUCH4XLKZ2DLAVQ
1902,AHZOZPN2EH354LPYYEVTKBQ6DOZQ
1903,AHZRUCQACCVHJ5W7VTYWOTZICVAA
1904,AHZXJC2OO3UUU6I4ECH2FISUHR7A
1905,AHZXRKXTXBLR5JJKFQZ3ME2VWCMA
1906,AHZYEEMFF54KIEOZM2QE5YDDZR7A
1907,AHZZ6SGWPYHMV7EKQDBVUTHHFZUA
